Attribute_2,Attribute_3,Attribute_1,Attribute_11,Attribute_5,Attribute_20,Attribute_6,Attribute_19,Attribute_7,Attribute_8,Attribute_4,Attribute_18,Attribute_13,Attribute_14,Attribute_10,Attribute_15,Attribute_9,Attribute_16,Attribute_12,Attribute_17,Class
6,A33,A14,2,932,A201,A61,A191,A73,3,A43,1,24,A143,A101,A152,A92,1,A121,A173,1
6,A32,A14,4,660,A201,A63,A191,A74,2,A45,1,23,A143,A101,A151,A94,1,A121,A172,1
24,A32,A11,4,2439,A201,A61,A192,A72,4,A43,1,35,A143,A101,A152,A92,1,A121,A173,2
48,A32,A12,4,3060,A201,A61,A191,A74,4,A43,1,28,A143,A101,A152,A93,2,A121,A173,2
6,A33,A12,2,1449,A201,A62,A191,A75,1,A49,2,31,A141,A101,A152,A91,2,A123,A173,1
42,A32,A11,3,3965,A201,A61,A191,A72,4,A43,1,34,A143,A101,A152,A93,1,A123,A173,2
48,A32,A12,2,6560,A201,A62,A191,A74,3,A40,1,24,A143,A101,A152,A93,1,A122,A173,2
12,A31,A13,3,409,A201,A64,A191,A73,3,A43,1,42,A143,A101,A151,A92,2,A121,A173,1
48,A32,A14,2,3914,A201,A65,A191,A73,4,A49,1,38,A141,A101,A152,A91,1,A121,A173,2
48,A32,A12,2,8487,A201,A65,A191,A74,1,A40,1,24,A143,A101,A152,A92,1,A123,A173,1
39,A32,A14,4,2569,A201,A63,A191,A73,4,A41,1,24,A143,A101,A152,A93,1,A123,A173,1
36,A30,A14,2,2613,A201,A61,A191,A73,4,A45,1,27,A143,A101,A152,A93,2,A123,A173,1
18,A32,A12,3,3213,A201,A63,A191,A72,1,A43,1,25,A143,A101,A151,A94,1,A121,A173,1
6,A32,A11,4,448,A201,A61,A191,A72,4,A46,1,23,A143,A101,A152,A92,1,A122,A173,2
36,A32,A12,4,2323,A201,A61,A191,A74,4,A43,1,24,A143,A101,A151,A93,1,A123,A173,1
18,A34,A12,4,7374,A201,A61,A192,A71,4,A42,1,40,A142,A101,A152,A93,2,A122,A174,1
48,A34,A14,1,3578,A201,A65,A192,A75,4,A43,1,47,A143,A101,A152,A93,1,A121,A173,1
36,A34,A14,4,6614,A201,A61,A192,A75,4,A40,1,34,A143,A101,A152,A93,2,A123,A174,1
12,A32,A14,4,2279,A201,A65,A192,A73,4,A43,1,37,A143,A101,A153,A93,1,A124,A173,1
18,A34,A14,4,1582,A201,A64,A191,A75,4,A43,1,46,A143,A101,A152,A93,2,A123,A173,1
24,A32,A12,2,12579,A201,A61,A192,A75,4,A41,1,44,A143,A101,A153,A92,1,A124,A174,2
6,A32,A12,4,1068,A201,A61,A191,A75,4,A43,2,28,A143,A101,A152,A93,1,A123,A173,1
24,A32,A14,4,6313,A201,A65,A192,A75,3,A41,2,41,A143,A101,A152,A93,1,A123,A174,1
18,A34,A14,1,3850,A201,A61,A191,A74,3,A41,1,27,A143,A101,A152,A93,2,A123,A173,1
6,A34,A11,3,609,A202,A61,A191,A74,4,A40,1,37,A143,A101,A152,A92,2,A122,A173,1
42,A34,A11,4,3394,A201,A61,A191,A71,4,A45,1,65,A143,A102,A152,A93,2,A123,A171,1
18,A32,A11,3,1216,A201,A61,A192,A72,4,A40,1,23,A143,A101,A151,A92,1,A123,A173,2
12,A34,A14,2,2292,A201,A61,A192,A71,4,A49,1,42,A142,A101,A152,A93,2,A123,A174,2
10,A32,A14,4,1364,A201,A61,A192,A73,2,A40,1,64,A143,A101,A152,A92,1,A123,A173,1
24,A34,A14,2,2028,A201,A61,A191,A74,2,A42,1,30,A143,A101,A152,A93,2,A122,A172,1
30,A32,A14,4,4811,A201,A65,A191,A74,2,A41,1,24,A142,A101,A151,A92,1,A122,A172,1
48,A30,A12,4,3844,A201,A62,A191,A74,4,A49,2,34,A143,A101,A153,A93,1,A124,A172,2
27,A30,A12,4,8318,A201,A61,A192,A75,2,A49,1,42,A143,A101,A153,A92,2,A124,A174,2
13,A34,A12,4,882,A201,A61,A191,A72,4,A43,1,23,A143,A103,A152,A93,2,A121,A173,1
6,A31,A14,2,783,A201,A65,A191,A73,1,A40,2,26,A142,A103,A152,A93,1,A121,A172,1
48,A33,A12,4,7582,A201,A62,A192,A71,2,A410,1,31,A143,A101,A153,A93,1,A124,A174,1
12,A32,A12,2,836,A201,A62,A191,A72,4,A40,1,23,A141,A101,A152,A92,1,A122,A172,2
36,A34,A12,4,5800,A201,A61,A192,A73,3,A41,1,34,A143,A101,A152,A93,2,A123,A173,1
18,A34,A14,2,2775,A201,A61,A191,A74,2,A40,1,31,A141,A101,A152,A93,2,A122,A173,2
12,A33,A12,4,585,A201,A61,A191,A73,4,A43,1,20,A143,A102,A151,A94,2,A121,A173,1
36,A34,A12,4,2337,A201,A61,A191,A75,4,A43,1,36,A143,A101,A152,A93,1,A121,A173,1
6,A31,A14,4,1750,A201,A63,A191,A75,2,A43,2,45,A141,A101,A152,A93,1,A122,A172,1
9,A32,A12,3,790,A201,A63,A191,A73,4,A43,1,66,A143,A101,A152,A92,1,A121,A172,1
6,A32,A11,2,1203,A201,A62,A192,A75,3,A40,1,43,A143,A101,A152,A93,1,A122,A173,1
24,A31,A11,4,2483,A201,A63,A192,A73,4,A42,1,22,A142,A101,A152,A93,1,A121,A173,1
18,A30,A14,2,4165,A201,A61,A191,A73,2,A49,2,36,A142,A101,A152,A93,2,A123,A173,2
24,A32,A11,2,1823,A201,A61,A191,A71,4,A43,2,30,A142,A101,A152,A93,1,A123,A174,2
24,A32,A14,4,2603,A201,A64,A192,A73,2,A41,1,28,A143,A101,A151,A92,1,A123,A173,1
12,A32,A11,3,741,A201,A62,A191,A71,4,A44,1,22,A143,A101,A152,A92,1,A122,A173,2
24,A31,A11,1,6872,A201,A61,A192,A72,2,A42,1,55,A141,A101,A152,A91,1,A122,A173,2
60,A33,A12,2,9157,A201,A65,A191,A73,2,A43,1,27,A143,A101,A153,A93,1,A124,A174,1
48,A34,A14,2,7629,A201,A65,A191,A75,4,A49,2,46,A141,A101,A152,A91,2,A123,A174,1
18,A34,A14,4,1098,A201,A61,A191,A71,4,A43,1,65,A143,A101,A152,A92,2,A123,A171,1
21,A30,A14,4,5003,A201,A65,A192,A73,1,A40,1,29,A141,A101,A152,A92,2,A122,A173,2
18,A34,A12,4,884,A201,A61,A192,A75,4,A40,2,36,A141,A101,A152,A93,1,A123,A173,2
18,A32,A13,1,3049,A201,A61,A191,A72,1,A42,1,45,A142,A101,A152,A92,1,A122,A172,1
12,A32,A11,2,3590,A201,A61,A191,A73,2,A42,2,29,A143,A102,A152,A93,1,A122,A172,1
30,A33,A12,2,2503,A201,A62,A191,A75,4,A49,1,41,A142,A101,A152,A93,2,A122,A173,1
54,A30,A14,2,9436,A201,A65,A191,A73,2,A41,2,39,A143,A101,A152,A93,1,A122,A172,1
18,A32,A11,3,4153,A201,A61,A191,A73,2,A42,1,42,A143,A102,A152,A93,1,A123,A173,2
48,A32,A12,2,10961,A201,A64,A192,A74,1,A43,1,27,A141,A102,A152,A93,2,A124,A173,2
24,A30,A11,4,4110,A201,A61,A191,A75,3,A42,2,23,A141,A101,A151,A93,2,A124,A173,2
15,A33,A12,3,1512,A201,A64,A191,A73,3,A45,1,61,A142,A101,A152,A94,2,A122,A173,2
6,A33,A12,1,1050,A201,A61,A192,A71,4,A42,1,35,A142,A101,A152,A93,2,A122,A174,1
6,A34,A14,4,362,A201,A62,A191,A73,4,A40,1,52,A143,A101,A152,A92,2,A123,A172,1
18,A32,A13,2,1961,A201,A61,A191,A75,3,A40,1,23,A143,A101,A152,A92,1,A123,A174,1
12,A32,A11,3,727,A201,A62,A192,A72,4,A43,1,33,A143,A101,A152,A94,1,A124,A172,2
24,A31,A14,4,1559,A201,A61,A192,A74,4,A49,1,50,A141,A101,A152,A93,1,A123,A173,1
10,A32,A14,2,1597,A202,A63,A191,A73,3,A40,2,40,A143,A101,A151,A93,1,A124,A172,1
9,A32,A14,2,1980,A201,A61,A191,A72,2,A42,1,19,A143,A102,A151,A92,2,A123,A173,2
15,A32,A14,2,3568,A201,A61,A192,A75,4,A43,1,54,A141,A101,A151,A92,1,A123,A174,1
24,A32,A12,4,1967,A201,A61,A192,A75,4,A43,1,20,A143,A101,A152,A92,1,A123,A173,1
10,A32,A12,4,7308,A201,A61,A192,A71,2,A40,1,70,A141,A101,A153,A93,1,A124,A174,1
12,A31,A13,1,609,A201,A61,A191,A72,4,A49,1,26,A143,A101,A152,A92,1,A121,A171,2
36,A32,A11,4,2302,A201,A61,A191,A73,4,A43,1,31,A143,A101,A151,A91,1,A123,A173,2
9,A32,A13,4,1126,A201,A62,A191,A75,2,A43,1,49,A143,A101,A152,A91,1,A121,A173,1
12,A32,A14,4,2133,A201,A65,A192,A75,4,A40,1,52,A143,A101,A153,A92,1,A124,A174,1
15,A34,A14,4,1471,A201,A61,A192,A73,4,A43,1,35,A143,A101,A153,A93,2,A124,A173,1
18,A32,A12,3,6260,A201,A61,A191,A74,3,A40,1,28,A143,A101,A151,A93,1,A121,A172,1
24,A34,A12,2,3878,A201,A62,A192,A72,4,A40,1,37,A143,A101,A152,A91,1,A123,A173,1
24,A34,A14,4,2872,A201,A62,A192,A75,3,A43,2,36,A143,A101,A152,A93,1,A121,A173,1
15,A32,A14,2,4623,A201,A62,A192,A73,3,A46,1,40,A143,A101,A152,A93,1,A122,A174,2
36,A32,A14,2,10974,A201,A61,A192,A71,4,A42,1,26,A143,A101,A152,A92,2,A123,A174,2
24,A32,A12,2,3092,A201,A62,A192,A72,3,A43,1,22,A143,A101,A151,A94,1,A123,A173,2
12,A34,A14,2,1412,A201,A61,A192,A73,4,A49,1,29,A143,A103,A152,A92,2,A121,A174,1
18,A34,A12,2,1245,A201,A61,A191,A73,4,A43,1,33,A143,A101,A152,A94,1,A123,A173,2
12,A32,A12,2,1922,A201,A61,A191,A73,4,A42,1,37,A143,A101,A152,A93,1,A122,A172,2
27,A32,A12,2,3915,A201,A61,A192,A73,4,A49,2,36,A143,A101,A152,A93,1,A123,A173,2
9,A32,A14,2,3577,A202,A62,A191,A73,1,A40,2,26,A143,A103,A151,A93,1,A121,A173,1
36,A33,A14,4,4454,A201,A61,A191,A73,4,A43,1,34,A143,A101,A152,A92,2,A121,A173,1
12,A32,A11,3,1372,A201,A61,A191,A74,2,A40,1,36,A143,A101,A152,A91,1,A123,A173,2
24,A32,A13,4,2892,A201,A61,A191,A75,3,A42,1,51,A143,A101,A153,A91,1,A124,A173,1
6,A32,A12,4,368,A201,A65,A191,A75,4,A43,1,38,A143,A101,A152,A93,1,A122,A173,1
36,A32,A11,2,2712,A201,A61,A191,A75,2,A42,2,41,A141,A101,A152,A93,1,A122,A173,2
12,A32,A11,4,684,A201,A61,A191,A73,4,A46,2,40,A143,A101,A151,A93,1,A123,A172,2
24,A34,A14,2,2684,A201,A61,A191,A73,4,A43,1,35,A143,A101,A152,A93,2,A121,A172,1
10,A32,A14,2,1287,A202,A65,A191,A75,4,A40,1,45,A143,A102,A152,A93,1,A122,A172,1
12,A34,A12,4,1804,A201,A62,A191,A72,3,A41,1,44,A143,A101,A152,A93,1,A122,A173,1
6,A34,A14,2,1740,A201,A61,A191,A75,2,A43,1,30,A143,A101,A151,A94,2,A121,A173,1
24,A31,A11,2,3161,A201,A61,A192,A73,4,A49,1,31,A143,A101,A151,A93,1,A122,A173,2
36,A32,A14,4,3079,A201,A65,A191,A73,4,A40,1,36,A143,A101,A152,A93,1,A121,A173,1
18,A30,A12,3,2278,A201,A62,A191,A72,3,A40,1,28,A143,A101,A152,A92,2,A123,A173,2
36,A32,A12,4,12389,A201,A65,A192,A73,1,A40,1,37,A143,A101,A153,A93,1,A124,A173,2
48,A33,A12,4,6681,A201,A65,A192,A73,4,A49,2,38,A143,A101,A153,A93,1,A124,A173,1
24,A32,A12,2,1246,A201,A61,A191,A72,4,A40,1,23,A142,A101,A152,A93,1,A121,A172,2
6,A32,A12,3,590,A202,A61,A191,A72,3,A43,1,26,A143,A101,A152,A94,1,A121,A172,1
18,A34,A12,4,1887,A201,A65,A191,A73,4,A49,1,28,A141,A101,A152,A94,2,A121,A173,1
6,A30,A14,4,426,A201,A61,A191,A75,4,A43,1,39,A143,A101,A152,A94,1,A123,A172,1
11,A34,A14,4,1393,A201,A61,A191,A72,4,A40,1,35,A143,A101,A152,A92,2,A123,A174,1
15,A34,A14,2,3343,A201,A61,A192,A73,4,A42,1,28,A143,A101,A153,A93,1,A124,A173,1
7,A32,A12,2,2576,A201,A61,A191,A73,2,A43,1,35,A143,A103,A152,A93,1,A121,A173,1
24,A34,A12,2,1743,A201,A61,A191,A75,4,A43,1,48,A143,A101,A152,A93,2,A122,A172,1
36,A32,A14,4,909,A201,A63,A191,A75,4,A40,1,36,A143,A101,A152,A93,1,A122,A173,1
24,A32,A14,1,1278,A201,A61,A192,A75,4,A43,1,36,A143,A101,A152,A93,1,A121,A174,1
24,A34,A11,4,6615,A201,A61,A192,A71,2,A41,1,75,A143,A101,A153,A93,2,A124,A174,1
9,A32,A11,2,1422,A201,A61,A192,A72,3,A40,1,27,A143,A101,A153,A93,1,A124,A174,2
10,A34,A11,3,1038,A201,A61,A192,A74,4,A40,1,49,A143,A102,A152,A93,2,A122,A173,1
36,A32,A12,1,9034,A201,A62,A192,A72,4,A42,1,29,A143,A102,A151,A93,1,A124,A174,2
11,A34,A14,4,7228,A201,A61,A191,A73,1,A40,1,39,A143,A101,A152,A93,2,A122,A172,1
6,A34,A14,2,1898,A201,A65,A191,A73,1,A43,2,34,A143,A101,A152,A93,2,A121,A172,1
18,A34,A14,2,2404,A201,A61,A191,A73,2,A43,1,26,A143,A101,A152,A92,2,A123,A173,1
12,A34,A14,2,1240,A201,A65,A192,A75,4,A43,1,38,A143,A101,A152,A92,2,A121,A173,1
12,A32,A11,1,1498,A201,A61,A191,A73,4,A43,1,23,A141,A101,A152,A92,1,A123,A173,1
16,A34,A12,3,1175,A201,A61,A192,A71,2,A40,1,68,A143,A101,A153,A93,3,A123,A171,1
30,A34,A12,2,8386,A201,A61,A191,A74,2,A42,1,49,A143,A101,A152,A93,1,A122,A173,2
24,A32,A14,2,2397,A201,A63,A192,A75,3,A43,1,35,A141,A101,A152,A93,2,A123,A173,2
30,A30,A11,2,4583,A201,A61,A191,A73,2,A42,1,32,A143,A103,A152,A91,2,A121,A173,1
24,A32,A11,4,1755,A201,A61,A192,A75,4,A410,1,58,A143,A103,A152,A92,1,A121,A172,1
54,A30,A12,4,15945,A201,A61,A192,A72,3,A49,1,58,A143,A101,A151,A93,1,A124,A173,2
36,A34,A14,4,3535,A201,A61,A192,A74,4,A40,1,37,A143,A101,A152,A93,2,A123,A173,1
9,A32,A12,1,918,A201,A61,A191,A73,4,A42,1,30,A143,A101,A152,A92,1,A122,A173,2
6,A32,A14,2,2108,A201,A61,A191,A74,2,A43,1,29,A143,A101,A151,A94,1,A121,A173,1
18,A32,A14,3,2662,A202,A65,A191,A74,4,A40,1,32,A143,A101,A152,A93,1,A122,A173,1
18,A31,A11,3,1553,A201,A61,A191,A73,4,A42,1,44,A141,A101,A152,A93,1,A123,A173,2
15,A34,A14,2,1316,A201,A63,A191,A73,2,A43,1,47,A143,A101,A152,A94,2,A122,A172,1
15,A34,A14,3,1532,A201,A62,A191,A73,4,A46,1,31,A143,A101,A152,A92,1,A123,A173,1
8,A32,A12,2,907,A201,A61,A192,A72,3,A49,1,26,A143,A101,A152,A94,1,A121,A173,1
12,A32,A12,1,1331,A201,A61,A191,A72,2,A43,1,22,A142,A101,A152,A93,1,A123,A173,2
28,A34,A14,2,2743,A201,A61,A191,A75,4,A43,1,29,A143,A101,A152,A93,2,A123,A173,1
36,A34,A14,4,7127,A201,A61,A192,A72,2,A42,1,23,A143,A101,A151,A92,2,A122,A173,2
30,A32,A12,4,2991,A201,A65,A191,A75,2,A43,1,25,A143,A101,A152,A92,1,A123,A173,1
24,A32,A11,4,3660,A201,A61,A191,A73,2,A43,1,28,A143,A101,A152,A92,1,A123,A173,1
10,A34,A14,3,2146,A201,A61,A191,A72,1,A42,1,23,A143,A101,A151,A92,2,A121,A173,1
24,A34,A14,4,3777,A201,A64,A192,A73,4,A42,1,50,A143,A101,A152,A93,1,A121,A173,1
12,A32,A14,1,763,A201,A61,A192,A73,4,A42,1,26,A143,A101,A152,A92,1,A121,A173,1
24,A32,A14,4,1901,A201,A62,A192,A73,4,A43,1,29,A143,A101,A151,A93,1,A123,A174,1
12,A34,A14,4,1264,A201,A65,A191,A75,4,A49,1,57,A143,A101,A151,A93,1,A124,A172,1
42,A30,A13,1,6289,A201,A61,A191,A72,2,A49,1,33,A143,A101,A152,A91,2,A122,A173,1
48,A32,A11,4,10297,A201,A61,A192,A74,4,A41,2,39,A142,A101,A153,A93,3,A124,A173,2
36,A33,A12,2,4455,A201,A61,A192,A73,2,A49,1,30,A142,A101,A152,A91,2,A121,A174,2
12,A32,A12,4,951,A201,A62,A191,A72,4,A42,1,27,A141,A101,A151,A92,4,A123,A173,2
36,A33,A12,4,8086,A201,A62,A192,A75,2,A40,1,42,A143,A101,A152,A93,4,A123,A174,2
24,A31,A11,4,3552,A201,A61,A191,A74,3,A42,1,27,A141,A101,A152,A93,1,A123,A173,2
60,A32,A14,4,10144,A201,A62,A192,A74,2,A43,1,21,A143,A101,A152,A92,1,A121,A173,1
24,A32,A14,4,9277,A201,A65,A192,A73,2,A41,1,48,A143,A101,A153,A91,1,A124,A173,1
24,A32,A12,4,3069,A201,A62,A191,A75,4,A42,1,30,A143,A101,A153,A93,1,A124,A173,1
9,A32,A12,1,2030,A201,A65,A192,A74,2,A42,1,24,A143,A101,A152,A93,1,A123,A173,1
36,A32,A11,2,5179,A201,A61,A191,A74,4,A42,1,29,A143,A101,A152,A93,1,A122,A173,2
12,A32,A14,2,1262,A201,A61,A191,A73,3,A43,1,25,A143,A101,A152,A93,1,A123,A173,1
15,A32,A14,4,5324,A201,A63,A191,A75,1,A40,1,35,A143,A101,A153,A92,1,A124,A173,1
15,A32,A14,4,2186,A201,A65,A191,A74,1,A42,1,33,A141,A101,A151,A92,1,A121,A172,1
24,A34,A14,4,2223,A201,A62,A191,A75,4,A43,1,52,A141,A101,A152,A93,2,A122,A173,1
12,A32,A11,1,1858,A201,A61,A191,A72,4,A42,1,22,A143,A101,A151,A92,1,A123,A173,1
36,A32,A11,1,9271,A201,A61,A192,A74,2,A40,1,24,A143,A101,A152,A93,1,A123,A173,2
9,A34,A14,1,1224,A201,A61,A191,A73,3,A40,1,30,A143,A101,A152,A93,2,A121,A173,1
24,A34,A12,4,1935,A201,A61,A192,A75,4,A49,1,31,A143,A101,A152,A91,2,A121,A173,2
12,A32,A13,1,1330,A201,A61,A191,A72,4,A40,1,26,A143,A101,A152,A93,1,A121,A173,1
30,A34,A13,4,3017,A201,A61,A191,A75,4,A43,1,47,A143,A101,A152,A93,1,A122,A173,1
12,A32,A14,2,1768,A201,A61,A191,A73,3,A42,1,24,A143,A101,A151,A93,1,A121,A172,1
12,A34,A14,4,618,A201,A61,A191,A75,4,A43,1,56,A143,A101,A152,A93,1,A121,A173,1
6,A32,A12,1,454,A201,A61,A191,A72,3,A45,1,22,A143,A101,A152,A94,1,A122,A172,1
6,A34,A11,4,1169,A201,A65,A192,A75,4,A43,1,67,A143,A101,A152,A93,2,A121,A173,1
36,A32,A12,2,14318,A201,A61,A192,A75,4,A40,1,57,A143,A101,A153,A93,1,A124,A174,2
10,A34,A13,4,781,A201,A61,A192,A75,4,A40,1,63,A143,A101,A153,A93,2,A124,A173,1
18,A32,A11,4,1882,A201,A61,A191,A73,4,A43,1,25,A141,A101,A151,A92,2,A123,A173,2
12,A32,A14,4,1393,A201,A61,A192,A75,4,A46,2,47,A141,A101,A152,A93,3,A122,A173,1
18,A32,A11,1,2389,A201,A61,A191,A72,4,A43,1,27,A142,A101,A152,A92,1,A123,A173,1
18,A32,A11,2,976,A201,A61,A191,A72,1,A40,1,23,A143,A101,A152,A92,1,A123,A172,2
18,A34,A14,2,1817,A201,A61,A191,A73,4,A42,1,28,A143,A101,A152,A92,2,A124,A173,1
18,A32,A12,2,1042,A201,A65,A191,A73,4,A40,1,33,A143,A101,A152,A92,1,A122,A173,2
48,A34,A11,4,6143,A201,A61,A191,A75,4,A41,1,58,A142,A101,A153,A92,2,A124,A172,2
21,A32,A11,2,1835,A201,A61,A192,A73,3,A43,1,25,A143,A101,A152,A92,2,A121,A173,2
48,A30,A12,2,18424,A202,A61,A192,A73,1,A410,1,32,A141,A101,A152,A92,1,A122,A174,2
48,A31,A14,1,3609,A201,A61,A191,A73,1,A49,1,27,A142,A101,A152,A92,1,A121,A173,1
12,A34,A11,3,385,A201,A61,A192,A74,4,A43,1,58,A143,A101,A152,A92,4,A121,A172,1
36,A34,A14,2,5842,A201,A61,A192,A75,2,A41,2,35,A143,A101,A152,A93,2,A122,A173,1
24,A32,A14,4,3972,A201,A61,A192,A74,2,A42,1,25,A143,A101,A151,A92,1,A122,A173,1
21,A33,A14,2,2993,A201,A61,A191,A73,3,A41,1,28,A142,A101,A152,A93,2,A121,A172,1
12,A32,A14,2,776,A201,A61,A191,A73,4,A43,1,28,A143,A101,A152,A94,1,A121,A173,1
24,A34,A13,4,1275,A201,A64,A192,A73,2,A49,1,36,A143,A101,A152,A91,2,A121,A173,1
48,A32,A11,4,4308,A201,A61,A191,A72,3,A49,1,24,A143,A101,A151,A92,1,A122,A173,2
30,A34,A14,4,7596,A201,A65,A191,A75,1,A41,1,63,A143,A101,A152,A93,2,A123,A173,1
9,A32,A12,2,959,A202,A61,A191,A73,1,A42,1,29,A143,A101,A152,A92,1,A123,A173,2
15,A34,A14,4,1829,A201,A61,A192,A75,4,A43,1,46,A143,A101,A152,A93,2,A123,A173,1
48,A32,A12,2,5951,A201,A61,A191,A73,2,A43,1,22,A143,A101,A152,A92,1,A121,A173,2
15,A34,A14,4,3368,A201,A64,A192,A75,3,A41,1,23,A143,A101,A151,A93,2,A124,A173,1
15,A31,A14,4,1569,A201,A62,A191,A75,4,A43,2,34,A141,A101,A152,A93,1,A123,A172,1
12,A34,A13,4,1480,A201,A63,A191,A71,2,A40,1,66,A141,A101,A153,A93,3,A124,A171,1
30,A34,A14,3,6742,A201,A65,A191,A74,2,A43,1,36,A143,A101,A152,A93,2,A122,A173,1
24,A32,A11,4,1285,A201,A65,A191,A74,4,A40,1,32,A143,A101,A151,A92,1,A124,A173,2
18,A34,A14,1,1055,A201,A61,A191,A72,4,A40,1,30,A143,A101,A152,A92,2,A122,A173,1
18,A32,A14,4,6761,A201,A65,A191,A73,2,A40,1,68,A143,A101,A151,A93,2,A123,A173,2
12,A32,A14,4,804,A201,A61,A191,A75,4,A43,1,38,A143,A101,A152,A93,1,A123,A173,1
36,A32,A13,2,4210,A201,A61,A191,A73,4,A43,1,26,A143,A101,A152,A93,1,A123,A173,2
8,A34,A11,4,731,A201,A61,A191,A75,4,A40,1,47,A143,A101,A152,A93,2,A121,A172,1
15,A34,A14,4,5045,A201,A65,A192,A75,1,A40,1,59,A143,A101,A152,A92,1,A123,A173,1
24,A33,A11,2,1333,A201,A61,A191,A71,4,A40,2,43,A143,A101,A153,A93,2,A121,A173,2
18,A34,A12,4,3612,A201,A61,A192,A75,3,A42,1,37,A143,A101,A152,A92,1,A122,A173,1
24,A32,A14,2,1249,A201,A61,A191,A72,4,A40,1,28,A143,A101,A152,A94,1,A121,A173,1
60,A32,A12,2,14027,A201,A61,A192,A74,4,A40,1,27,A143,A101,A152,A93,1,A124,A174,2
18,A32,A14,1,3378,A201,A65,A192,A73,2,A41,1,31,A143,A101,A152,A93,1,A122,A173,1
24,A34,A14,3,5103,A201,A61,A192,A72,3,A43,1,47,A143,A101,A153,A94,3,A124,A173,1
20,A33,A12,3,2629,A201,A61,A192,A73,2,A410,1,29,A141,A101,A152,A93,2,A123,A173,1
24,A33,A14,2,8648,A201,A61,A192,A72,2,A49,1,27,A141,A101,A152,A93,2,A123,A173,2
6,A32,A11,2,1374,A201,A61,A192,A73,1,A42,1,36,A141,A101,A152,A93,1,A121,A172,1
24,A33,A14,2,3863,A201,A61,A191,A73,1,A49,1,32,A143,A101,A153,A93,1,A124,A173,1
21,A32,A14,4,1572,A201,A64,A191,A75,4,A49,1,36,A141,A101,A152,A92,1,A121,A172,1
6,A34,A13,4,1323,A201,A62,A192,A75,2,A40,2,28,A143,A101,A152,A91,2,A123,A173,1
20,A34,A11,2,2235,A202,A61,A191,A73,4,A40,1,33,A141,A103,A151,A94,2,A122,A173,2
12,A32,A11,3,1168,A201,A61,A191,A73,4,A40,1,27,A143,A101,A152,A94,1,A121,A172,1
15,A30,A11,3,950,A201,A61,A191,A75,4,A40,2,33,A143,A101,A151,A93,2,A123,A173,2
15,A34,A11,4,1478,A201,A61,A192,A75,4,A42,2,44,A143,A101,A152,A93,2,A123,A173,1
18,A34,A12,3,1056,A201,A61,A191,A75,3,A40,1,30,A141,A103,A152,A93,2,A121,A173,2
27,A32,A14,4,5190,A201,A65,A192,A75,4,A45,2,48,A143,A101,A152,A93,4,A122,A173,1
18,A32,A14,1,1453,A201,A61,A191,A72,3,A43,1,26,A143,A101,A152,A92,1,A121,A173,1
30,A31,A14,1,7485,A201,A65,A192,A71,4,A41,1,53,A141,A101,A152,A92,1,A121,A174,2
12,A32,A12,1,6468,A201,A65,A192,A71,2,A43,1,52,A143,A101,A152,A93,1,A124,A174,2
12,A34,A14,4,1255,A201,A61,A191,A75,4,A40,1,61,A143,A101,A152,A93,2,A121,A172,1
36,A34,A14,2,7855,A201,A61,A192,A73,4,A40,1,25,A142,A101,A152,A92,2,A121,A173,2
24,A32,A14,4,2670,A201,A61,A192,A75,4,A41,1,35,A143,A101,A152,A93,1,A123,A174,1
12,A32,A12,4,754,A201,A65,A191,A75,4,A48,1,38,A143,A101,A152,A93,2,A122,A173,1
20,A33,A12,4,7057,A201,A65,A192,A74,3,A41,2,36,A141,A101,A151,A93,2,A122,A174,1
36,A33,A14,2,8947,A201,A65,A192,A74,3,A41,2,31,A142,A101,A152,A93,1,A123,A174,1
24,A34,A14,2,4526,A201,A61,A192,A73,3,A49,1,74,A143,A101,A152,A93,1,A121,A174,1
12,A32,A11,2,1107,A201,A61,A192,A73,2,A43,2,20,A143,A101,A151,A93,1,A121,A174,1
18,A32,A14,4,1943,A201,A61,A191,A72,4,A45,1,23,A143,A101,A152,A92,1,A121,A173,2
12,A30,A12,3,2969,A201,A61,A191,A72,4,A42,1,25,A143,A101,A151,A92,2,A122,A173,2
24,A33,A14,3,4679,A201,A61,A192,A74,3,A41,1,35,A143,A101,A152,A93,2,A123,A172,1
12,A33,A11,2,1344,A201,A61,A191,A73,4,A40,2,43,A143,A101,A152,A93,2,A121,A172,1
36,A32,A12,4,12612,A201,A62,A192,A73,1,A46,2,47,A143,A101,A153,A93,1,A124,A173,2
24,A32,A12,4,11560,A201,A61,A191,A73,1,A41,1,23,A143,A101,A151,A92,2,A123,A174,2
15,A33,A14,3,1478,A201,A61,A191,A73,4,A43,1,33,A141,A101,A152,A94,2,A121,A173,1
8,A34,A11,4,1164,A201,A61,A192,A75,3,A410,2,51,A141,A101,A153,A93,2,A124,A174,1
12,A32,A11,2,759,A201,A61,A191,A74,4,A40,1,26,A143,A101,A152,A93,1,A121,A173,2
30,A34,A14,2,5771,A201,A61,A191,A74,4,A43,1,25,A143,A101,A152,A92,2,A123,A173,1
36,A32,A12,1,4795,A201,A61,A192,A72,4,A43,1,30,A143,A101,A152,A92,1,A124,A174,1
15,A32,A12,1,1444,A201,A65,A191,A72,4,A43,1,23,A143,A101,A152,A93,1,A122,A173,1
30,A32,A11,4,2406,A201,A61,A191,A74,4,A42,1,23,A143,A101,A151,A92,1,A121,A173,2
24,A34,A14,2,5804,A201,A64,A191,A73,4,A41,1,27,A143,A101,A152,A93,2,A121,A173,1
15,A32,A14,1,874,A201,A65,A191,A72,4,A44,1,24,A143,A101,A152,A92,1,A121,A173,1
12,A32,A11,1,1680,A201,A63,A191,A75,3,A43,1,35,A143,A101,A152,A94,1,A121,A173,1
24,A32,A14,4,3621,A201,A62,A191,A75,2,A43,1,31,A143,A101,A152,A93,2,A123,A173,2
18,A32,A11,1,2473,A201,A61,A191,A71,4,A42,1,25,A143,A101,A152,A93,1,A123,A171,2
9,A34,A11,4,1288,A202,A62,A191,A75,3,A45,2,48,A143,A103,A152,A93,2,A121,A173,1
12,A32,A14,1,2141,A201,A62,A191,A74,3,A43,1,35,A143,A101,A152,A93,1,A124,A173,1
10,A32,A11,4,2315,A201,A61,A191,A75,3,A43,1,52,A143,A101,A152,A93,1,A121,A172,1
12,A32,A13,1,3016,A201,A61,A191,A73,3,A43,1,24,A143,A101,A152,A94,1,A123,A173,1
18,A32,A11,4,1936,A201,A65,A191,A74,2,A43,1,23,A143,A101,A151,A94,2,A123,A172,1
30,A32,A11,4,3622,A201,A64,A192,A75,4,A42,1,57,A143,A101,A151,A92,2,A122,A173,1
24,A34,A14,2,1851,A201,A61,A192,A74,4,A43,1,33,A143,A103,A152,A94,2,A123,A173,1
21,A32,A14,2,2241,A201,A61,A191,A75,4,A42,1,50,A143,A101,A152,A93,2,A121,A173,1
24,A32,A14,1,5943,A201,A65,A192,A72,1,A43,1,44,A143,A101,A152,A92,2,A123,A173,2
12,A32,A12,4,983,A201,A64,A191,A72,1,A42,1,19,A143,A101,A151,A92,1,A121,A172,1
36,A31,A11,4,2746,A201,A61,A191,A75,4,A42,1,31,A141,A101,A152,A93,1,A123,A173,2
12,A32,A14,4,2859,A201,A65,A192,A71,4,A40,1,38,A143,A101,A152,A93,1,A124,A174,1
12,A32,A14,3,2390,A201,A65,A192,A75,4,A40,1,50,A143,A101,A152,A93,1,A123,A173,1
6,A32,A12,3,2063,A201,A61,A192,A72,4,A43,1,30,A143,A101,A151,A94,1,A123,A174,1
6,A32,A12,3,753,A201,A61,A191,A73,2,A43,1,64,A143,A103,A152,A92,1,A121,A173,1
36,A32,A14,4,3835,A201,A65,A192,A75,2,A43,1,45,A143,A101,A152,A92,1,A121,A172,1
10,A34,A14,1,2069,A202,A65,A191,A73,2,A42,1,26,A143,A101,A152,A94,2,A123,A173,1
9,A32,A12,4,1206,A201,A61,A191,A75,4,A43,1,25,A143,A101,A152,A92,1,A121,A173,1
6,A32,A14,4,1238,A201,A65,A192,A71,4,A48,2,36,A143,A101,A152,A93,1,A122,A174,1
24,A32,A14,1,2679,A201,A61,A192,A72,4,A41,1,29,A143,A101,A152,A92,1,A124,A174,1
39,A33,A12,3,11760,A201,A62,A192,A74,2,A46,1,32,A143,A101,A151,A93,1,A124,A173,1
21,A33,A14,2,2580,A201,A63,A191,A72,4,A49,2,41,A141,A101,A152,A93,1,A121,A172,2
48,A32,A12,1,3979,A201,A65,A192,A74,4,A43,2,41,A143,A101,A152,A93,2,A123,A173,1
12,A32,A12,3,766,A201,A63,A191,A73,4,A43,1,66,A143,A101,A152,A93,1,A121,A172,2
24,A34,A12,3,2825,A201,A65,A192,A74,4,A49,2,34,A143,A101,A152,A93,2,A124,A173,1
18,A30,A11,4,3114,A201,A61,A191,A72,1,A42,1,26,A143,A101,A151,A92,1,A122,A173,2
40,A34,A11,3,5998,A201,A61,A192,A73,4,A46,1,27,A141,A101,A152,A93,1,A124,A173,2
21,A33,A14,3,1591,A201,A62,A191,A74,4,A42,1,34,A143,A101,A152,A93,2,A121,A174,1
28,A31,A14,4,7824,A201,A65,A192,A72,3,A41,2,40,A141,A103,A151,A93,2,A121,A173,1
15,A32,A14,4,3812,A201,A62,A192,A72,1,A41,1,23,A143,A101,A152,A92,1,A123,A173,1
24,A34,A14,4,2197,A201,A65,A192,A74,4,A41,2,43,A143,A101,A152,A93,2,A123,A173,1
12,A32,A12,2,639,A201,A61,A191,A73,4,A45,1,30,A143,A101,A152,A93,1,A123,A173,2
33,A34,A11,4,4281,A201,A63,A191,A73,1,A42,1,23,A143,A101,A152,A92,2,A123,A173,2
15,A32,A14,2,3029,A201,A61,A191,A74,2,A41,1,33,A143,A101,A152,A93,1,A123,A173,1
24,A32,A14,3,4591,A201,A64,A192,A73,2,A49,1,54,A143,A101,A152,A93,3,A122,A174,2
10,A34,A14,4,1231,A202,A61,A191,A75,3,A40,2,32,A143,A101,A152,A93,2,A121,A172,1
15,A32,A12,2,2631,A201,A62,A191,A73,3,A45,1,25,A143,A101,A152,A92,1,A121,A172,1
45,A34,A12,2,4746,A201,A61,A191,A72,4,A43,1,25,A143,A101,A152,A93,2,A122,A172,2
18,A34,A12,4,1795,A201,A61,A192,A75,3,A43,1,48,A141,A103,A151,A92,2,A121,A172,1
36,A34,A14,2,3342,A201,A65,A192,A75,4,A43,1,51,A143,A101,A152,A93,1,A123,A173,1
12,A32,A14,4,1884,A201,A61,A192,A75,4,A40,1,39,A143,A101,A152,A93,1,A123,A174,1
12,A30,A12,2,1410,A201,A61,A192,A73,2,A48,1,31,A143,A101,A152,A93,1,A121,A172,1
9,A31,A12,4,5129,A201,A61,A192,A75,2,A41,2,74,A141,A101,A153,A92,1,A124,A174,2
7,A32,A12,2,2415,A201,A61,A191,A73,3,A43,1,34,A143,A103,A152,A93,1,A121,A173,1
24,A32,A12,4,1355,A201,A61,A192,A72,3,A40,1,25,A143,A101,A152,A92,1,A123,A172,2
60,A32,A12,4,6288,A201,A61,A191,A73,4,A46,1,42,A143,A101,A153,A93,1,A124,A173,2
36,A34,A11,2,8065,A201,A61,A192,A73,3,A46,1,25,A143,A101,A152,A92,2,A124,A174,2
36,A34,A14,2,11054,A201,A65,A192,A73,4,A41,1,30,A143,A101,A152,A93,1,A123,A174,1
24,A32,A11,2,4020,A201,A61,A191,A73,2,A42,1,27,A142,A101,A152,A93,1,A123,A173,1
6,A34,A12,3,932,A201,A65,A191,A74,1,A48,1,39,A143,A101,A152,A92,2,A122,A172,1
11,A32,A14,2,2142,A201,A64,A192,A75,1,A49,1,28,A143,A101,A152,A91,1,A121,A173,1
6,A32,A14,2,2978,A201,A63,A192,A73,1,A42,1,32,A143,A101,A152,A93,1,A123,A173,1
12,A32,A13,4,1424,A201,A65,A192,A75,3,A42,1,55,A143,A101,A152,A92,1,A121,A174,1
18,A34,A12,1,1295,A201,A61,A191,A72,4,A42,1,27,A143,A101,A152,A92,2,A122,A173,1
24,A32,A11,1,1747,A202,A61,A191,A72,4,A42,1,24,A143,A102,A152,A93,1,A122,A172,1
24,A32,A12,4,2760,A201,A65,A192,A75,4,A41,1,36,A141,A101,A153,A93,1,A124,A173,1
48,A32,A12,4,5381,A201,A65,A192,A71,3,A410,1,40,A141,A101,A153,A93,1,A124,A171,1
24,A31,A11,4,3632,A202,A61,A191,A73,1,A41,1,22,A141,A103,A151,A92,1,A123,A173,1
24,A33,A12,2,4712,A201,A65,A192,A73,4,A49,1,37,A141,A101,A152,A93,2,A122,A174,1
12,A34,A11,2,2121,A201,A61,A191,A73,4,A40,1,30,A143,A101,A152,A93,2,A122,A173,1
12,A32,A12,3,1155,A201,A61,A191,A75,3,A43,1,40,A141,A103,A152,A94,2,A121,A172,1
9,A32,A14,4,1236,A201,A61,A192,A72,1,A44,1,23,A143,A101,A151,A92,1,A121,A173,1
60,A33,A12,1,7418,A201,A65,A191,A73,1,A43,1,27,A143,A101,A152,A93,1,A121,A172,1
18,A34,A14,3,1028,A201,A61,A191,A73,4,A40,1,36,A143,A101,A152,A92,2,A121,A173,1
48,A34,A14,1,8858,A201,A65,A192,A74,2,A41,1,35,A143,A101,A153,A93,2,A124,A173,1
12,A32,A11,1,2579,A201,A61,A191,A72,4,A40,2,33,A143,A101,A152,A93,1,A121,A172,2
18,A33,A12,2,2427,A201,A65,A191,A75,4,A49,1,42,A143,A101,A152,A93,2,A122,A173,1
4,A34,A14,1,1503,A201,A61,A191,A74,2,A43,2,42,A143,A101,A152,A93,2,A121,A172,1
6,A32,A14,1,518,A201,A61,A191,A73,3,A43,1,29,A143,A101,A152,A92,1,A121,A173,1
6,A34,A14,2,250,A201,A64,A191,A73,2,A40,1,41,A141,A101,A152,A92,2,A121,A172,1
12,A34,A14,4,2748,A201,A61,A191,A75,2,A46,1,57,A141,A101,A153,A92,3,A124,A172,1
7,A33,A14,4,846,A201,A65,A191,A75,3,A43,1,36,A143,A101,A153,A93,1,A124,A173,1
48,A34,A12,3,5096,A201,A61,A192,A73,2,A42,1,30,A143,A101,A152,A92,1,A123,A174,2
45,A32,A11,4,1845,A201,A61,A192,A73,4,A43,1,23,A143,A101,A153,A93,1,A124,A173,2
12,A32,A11,4,1893,A201,A61,A192,A73,4,A40,1,29,A143,A103,A152,A92,1,A122,A173,1
9,A32,A14,4,2507,A201,A63,A191,A75,2,A40,1,51,A143,A101,A153,A93,1,A124,A172,1
18,A32,A14,4,1568,A201,A62,A191,A73,3,A49,1,24,A143,A101,A151,A92,1,A122,A172,1
48,A32,A11,3,4788,A201,A61,A191,A74,4,A41,2,26,A143,A101,A152,A93,1,A122,A173,1
12,A32,A12,4,841,A201,A62,A191,A74,2,A49,1,23,A143,A101,A151,A92,1,A121,A172,1
12,A32,A12,1,1484,A201,A65,A192,A73,2,A43,1,25,A143,A101,A152,A94,1,A121,A173,2
9,A34,A11,2,2799,A201,A61,A191,A73,2,A40,2,36,A143,A101,A151,A93,2,A121,A173,1
24,A32,A11,4,2964,A201,A65,A192,A75,4,A41,2,49,A141,A101,A153,A93,1,A124,A173,1
36,A32,A11,4,1842,A201,A61,A192,A72,4,A40,1,34,A143,A101,A152,A92,1,A123,A173,2
21,A32,A12,3,3976,A201,A65,A192,A74,2,A42,1,35,A143,A101,A152,A93,1,A123,A173,1
15,A30,A12,1,1778,A201,A61,A191,A72,2,A40,1,26,A143,A101,A151,A92,2,A121,A171,2
45,A32,A12,4,3031,A201,A62,A191,A73,4,A43,1,21,A143,A103,A151,A93,1,A122,A173,2
18,A32,A12,2,5866,A201,A62,A192,A73,2,A40,1,30,A143,A101,A152,A93,2,A123,A173,1
72,A32,A12,2,5595,A201,A62,A191,A73,2,A43,1,24,A143,A101,A152,A94,1,A123,A173,2
24,A34,A12,4,1216,A201,A62,A191,A72,4,A43,2,38,A141,A101,A152,A93,2,A124,A173,2
12,A34,A11,4,1526,A201,A61,A191,A75,4,A41,1,66,A143,A101,A153,A93,2,A124,A174,1
9,A32,A11,4,1366,A201,A61,A191,A72,3,A43,1,22,A143,A101,A151,A92,1,A122,A173,2
10,A31,A12,4,1048,A201,A61,A191,A73,4,A43,1,23,A142,A101,A152,A93,1,A121,A172,1
18,A34,A14,2,1530,A201,A61,A191,A73,3,A40,1,32,A141,A101,A152,A93,2,A122,A173,2
12,A32,A11,4,709,A201,A61,A191,A75,4,A43,1,57,A142,A101,A152,A93,1,A121,A172,2
6,A34,A14,3,6761,A201,A61,A192,A74,1,A40,2,45,A143,A101,A152,A93,2,A124,A174,1
18,A31,A13,4,1445,A201,A65,A191,A74,4,A43,1,49,A141,A101,A152,A93,1,A123,A172,1
18,A32,A13,1,2864,A201,A61,A191,A73,2,A42,2,34,A143,A101,A152,A93,1,A121,A172,2
6,A32,A11,1,428,A201,A61,A192,A75,2,A42,1,49,A141,A101,A152,A92,1,A122,A173,1
12,A34,A14,1,3565,A201,A65,A191,A72,2,A46,2,37,A143,A101,A152,A93,2,A122,A172,1
30,A33,A14,2,4272,A201,A62,A191,A73,2,A49,1,26,A143,A101,A152,A93,2,A122,A172,1
36,A34,A11,4,9629,A201,A61,A192,A74,4,A41,1,24,A143,A101,A152,A93,2,A123,A173,2
12,A34,A14,1,1495,A201,A61,A191,A75,4,A40,2,38,A143,A101,A152,A93,2,A121,A172,1
18,A30,A12,4,3244,A201,A61,A192,A73,1,A42,1,33,A141,A101,A152,A92,2,A123,A173,1
12,A32,A11,3,708,A201,A61,A191,A73,2,A42,2,38,A143,A103,A152,A93,1,A122,A172,1
9,A34,A14,3,2406,A201,A61,A191,A71,2,A42,1,31,A143,A101,A152,A93,1,A123,A174,1
12,A32,A11,1,1289,A201,A61,A191,A73,4,A42,1,21,A143,A103,A152,A93,1,A122,A172,1
18,A33,A12,4,6204,A201,A61,A192,A73,2,A45,2,44,A143,A101,A152,A93,1,A121,A172,1
18,A32,A12,1,4439,A201,A61,A192,A75,1,A49,1,33,A141,A102,A152,A93,1,A121,A174,1
24,A33,A14,4,717,A201,A65,A192,A75,4,A40,1,54,A143,A101,A152,A94,2,A123,A173,1
18,A34,A11,1,1880,A201,A61,A192,A74,4,A43,1,32,A143,A101,A152,A94,2,A122,A174,1
9,A32,A14,2,1449,A201,A61,A191,A74,3,A49,1,27,A143,A101,A152,A92,2,A123,A173,1
12,A34,A11,3,2246,A201,A61,A191,A75,3,A42,1,60,A143,A101,A152,A93,2,A122,A173,2
15,A32,A12,4,1308,A201,A61,A191,A75,4,A45,1,38,A143,A101,A152,A93,2,A123,A172,1
30,A34,A14,2,2831,A201,A61,A192,A73,4,A43,1,33,A143,A101,A152,A92,1,A123,A173,1
48,A32,A11,1,7476,A201,A61,A192,A74,4,A46,1,50,A143,A101,A153,A93,1,A124,A174,1
9,A32,A11,4,1364,A201,A61,A191,A74,3,A43,1,59,A143,A101,A152,A93,1,A121,A173,1
12,A34,A12,2,1860,A201,A61,A192,A71,4,A41,1,34,A143,A101,A152,A93,2,A123,A174,1
12,A32,A11,4,795,A201,A61,A191,A72,4,A46,1,53,A143,A101,A152,A92,1,A122,A173,2
6,A32,A11,4,14896,A201,A61,A192,A75,1,A40,1,68,A141,A101,A152,A93,1,A124,A174,2
21,A34,A14,4,2288,A201,A61,A192,A72,4,A42,1,23,A143,A101,A152,A92,1,A122,A173,1
12,A32,A12,2,2028,A201,A65,A191,A73,4,A41,1,30,A143,A101,A152,A93,1,A123,A173,1
24,A32,A14,4,1469,A201,A62,A191,A75,4,A40,1,41,A143,A101,A151,A94,1,A121,A172,1
18,A34,A11,4,5302,A201,A61,A192,A75,2,A40,1,36,A143,A101,A153,A93,3,A124,A174,1
24,A32,A14,1,1552,A201,A61,A191,A74,3,A43,2,32,A141,A101,A152,A93,1,A123,A173,1
24,A32,A11,4,1442,A201,A61,A191,A74,4,A40,1,23,A143,A101,A151,A92,2,A123,A173,2
21,A34,A13,1,2319,A201,A61,A191,A72,2,A46,1,33,A143,A101,A151,A91,1,A123,A173,2
24,A32,A14,3,1474,A201,A62,A192,A72,4,A40,1,33,A143,A101,A152,A94,1,A121,A173,1
18,A32,A12,3,2779,A201,A61,A192,A73,1,A41,1,21,A143,A101,A151,A94,1,A123,A173,1
12,A31,A14,3,3447,A201,A63,A191,A73,4,A48,2,35,A143,A101,A152,A92,1,A121,A172,1
36,A34,A11,4,6229,A201,A61,A192,A72,4,A42,1,23,A143,A102,A151,A92,2,A124,A172,2
24,A32,A12,1,1201,A201,A61,A191,A72,4,A40,1,26,A143,A101,A152,A93,1,A122,A173,1
15,A32,A14,3,3186,A201,A64,A191,A74,2,A40,1,20,A143,A101,A151,A92,1,A123,A173,1
6,A34,A13,4,1047,A201,A61,A191,A73,2,A46,1,50,A143,A101,A152,A92,1,A122,A172,1
4,A34,A14,1,3380,A201,A61,A191,A74,1,A40,2,37,A143,A101,A152,A92,1,A121,A173,1
24,A32,A12,3,3512,A201,A62,A192,A74,2,A40,1,38,A141,A101,A152,A93,2,A123,A173,1
12,A32,A11,3,3651,A201,A64,A191,A73,1,A40,2,31,A143,A101,A152,A93,1,A122,A173,1
48,A32,A11,2,6758,A201,A61,A192,A73,3,A43,1,31,A143,A101,A152,A92,1,A123,A173,2
30,A32,A11,4,3857,A201,A61,A192,A73,4,A41,1,40,A143,A101,A152,A91,1,A122,A174,1
6,A32,A14,3,3518,A201,A61,A191,A73,2,A40,1,26,A143,A103,A151,A93,1,A122,A173,1
15,A31,A12,2,6850,A201,A62,A192,A71,1,A40,2,34,A143,A101,A152,A93,1,A122,A174,2
36,A32,A12,1,2384,A201,A61,A191,A72,4,A45,1,33,A143,A101,A151,A93,1,A124,A172,2
12,A32,A11,2,701,A201,A61,A191,A73,4,A43,1,40,A143,A101,A152,A94,1,A121,A172,1
24,A32,A14,2,3430,A201,A63,A192,A75,3,A43,2,31,A143,A101,A152,A93,1,A123,A173,1
18,A32,A12,3,1913,A201,A64,A192,A72,3,A49,1,36,A141,A101,A152,A94,1,A121,A173,1
20,A30,A12,4,6148,A201,A62,A192,A75,3,A41,1,31,A141,A101,A152,A94,2,A123,A173,1
26,A32,A12,3,7966,A201,A61,A191,A72,2,A41,1,30,A143,A101,A152,A93,2,A123,A173,1
12,A34,A14,2,701,A201,A61,A191,A73,4,A46,1,32,A143,A101,A152,A93,2,A123,A173,1
30,A32,A12,1,1715,A201,A65,A191,A73,4,A43,1,26,A143,A101,A152,A92,1,A123,A173,1
15,A32,A12,2,1514,A201,A62,A191,A73,4,A45,1,22,A143,A103,A152,A93,1,A121,A173,1
27,A32,A14,3,2570,A201,A61,A191,A73,3,A40,1,21,A143,A101,A151,A92,1,A121,A173,2
15,A34,A11,3,975,A201,A61,A191,A73,2,A42,1,25,A143,A101,A152,A91,2,A122,A173,1
36,A32,A13,1,5848,A201,A61,A191,A73,4,A43,1,24,A143,A101,A152,A93,1,A123,A173,1
18,A34,A14,3,1169,A201,A65,A192,A73,4,A43,1,29,A143,A101,A152,A93,2,A122,A173,1
10,A34,A11,3,2241,A202,A61,A191,A72,1,A40,2,48,A143,A101,A151,A93,2,A121,A172,1
12,A34,A14,2,1185,A201,A61,A191,A73,3,A49,1,27,A143,A101,A152,A92,2,A121,A173,1
24,A34,A14,4,1597,A201,A61,A191,A75,4,A46,2,54,A143,A101,A153,A93,2,A124,A173,1
24,A34,A14,3,2346,A201,A61,A192,A74,4,A41,1,35,A143,A101,A152,A93,2,A123,A173,1
18,A32,A11,4,2039,A201,A61,A191,A73,1,A42,1,20,A141,A101,A151,A92,1,A121,A173,2
36,A30,A12,4,1953,A201,A61,A192,A75,4,A49,1,61,A143,A101,A153,A93,1,A124,A174,2
30,A30,A11,3,8072,A201,A65,A191,A72,2,A49,1,25,A141,A101,A152,A93,3,A123,A173,1
18,A34,A12,3,3590,A201,A61,A192,A71,3,A49,2,40,A143,A101,A152,A94,3,A123,A171,1
18,A32,A12,4,3001,A201,A61,A191,A74,2,A42,1,40,A143,A101,A151,A92,1,A121,A173,1
24,A34,A14,4,6842,A201,A65,A192,A73,2,A41,2,46,A143,A101,A152,A93,2,A122,A174,1
48,A33,A14,1,12749,A201,A63,A192,A74,4,A43,1,37,A143,A101,A152,A93,1,A123,A174,1
12,A30,A14,4,2759,A201,A61,A191,A75,2,A42,1,34,A143,A101,A152,A93,2,A122,A173,1
24,A34,A14,4,1287,A201,A64,A192,A75,4,A40,1,37,A143,A101,A152,A92,2,A121,A173,1
30,A30,A12,4,4280,A201,A62,A191,A73,4,A49,1,26,A143,A101,A151,A92,2,A123,A172,2
9,A32,A12,2,1670,A201,A61,A192,A72,4,A43,1,22,A143,A101,A152,A92,1,A123,A173,2
12,A32,A14,2,1101,A201,A61,A192,A73,3,A40,1,27,A143,A101,A152,A94,2,A121,A173,1
12,A34,A11,4,2171,A202,A61,A191,A73,4,A40,1,38,A141,A101,A152,A93,2,A122,A172,1
24,A33,A12,2,1553,A201,A62,A192,A74,3,A43,1,23,A143,A101,A151,A92,2,A122,A173,1
24,A32,A14,2,999,A201,A65,A191,A75,4,A43,1,25,A143,A101,A152,A93,2,A123,A173,1
36,A34,A14,2,5711,A201,A64,A192,A75,4,A41,1,38,A143,A101,A152,A93,2,A123,A174,1
12,A32,A12,1,1295,A201,A61,A191,A72,3,A40,1,25,A143,A101,A151,A92,1,A123,A173,2
24,A33,A12,2,2333,A201,A65,A191,A72,4,A42,1,29,A141,A101,A152,A93,1,A122,A172,1
48,A32,A11,1,6999,A201,A61,A192,A74,1,A43,1,34,A143,A103,A152,A94,2,A121,A173,2
36,A34,A12,4,2820,A201,A61,A191,A72,4,A40,1,27,A143,A101,A152,A91,2,A123,A173,2
36,A33,A14,1,9572,A201,A61,A191,A72,1,A49,1,28,A143,A101,A152,A91,2,A123,A173,2
21,A34,A14,4,3275,A201,A61,A192,A75,1,A41,1,36,A143,A101,A152,A93,1,A123,A174,1
24,A32,A11,2,915,A201,A65,A191,A75,4,A40,1,29,A141,A101,A152,A92,1,A123,A173,2
12,A32,A14,4,3077,A201,A61,A192,A73,2,A43,1,52,A143,A101,A152,A93,1,A123,A173,1
36,A32,A14,2,3595,A201,A61,A191,A75,4,A43,1,28,A143,A101,A152,A93,1,A123,A173,1
18,A34,A14,2,1800,A201,A61,A191,A73,4,A43,1,24,A143,A101,A152,A93,2,A123,A173,1
10,A32,A14,2,1418,A202,A62,A191,A73,3,A40,1,35,A143,A101,A151,A93,1,A121,A172,1
12,A32,A11,3,1620,A201,A61,A191,A73,2,A42,1,30,A143,A102,A152,A92,1,A122,A173,1
12,A32,A12,1,1534,A201,A61,A191,A72,1,A43,1,23,A143,A101,A151,A94,1,A121,A173,2
12,A34,A14,2,2012,A201,A65,A191,A74,4,A46,1,61,A143,A101,A152,A92,1,A123,A173,1
48,A31,A12,2,3566,A201,A62,A191,A74,4,A49,1,30,A143,A101,A152,A93,1,A123,A173,1
24,A32,A14,4,3757,A201,A61,A192,A75,4,A40,1,62,A143,A102,A153,A92,1,A124,A173,1
18,A34,A14,3,629,A201,A63,A192,A75,4,A43,1,32,A141,A101,A152,A93,2,A122,A174,1
12,A30,A11,2,6199,A201,A61,A192,A73,4,A43,1,28,A143,A101,A151,A93,2,A122,A173,2
24,A32,A12,4,4351,A201,A65,A192,A73,1,A42,1,48,A143,A101,A152,A92,1,A122,A172,1
24,A32,A14,1,5511,A201,A62,A191,A73,4,A42,1,25,A142,A101,A152,A93,1,A123,A173,1
21,A32,A11,4,3599,A201,A61,A191,A74,1,A42,1,26,A143,A101,A151,A92,1,A123,A172,1
6,A34,A14,2,1221,A201,A65,A191,A73,1,A42,1,27,A143,A101,A152,A94,2,A122,A173,1
24,A34,A14,1,1516,A201,A64,A191,A73,4,A43,1,43,A143,A101,A152,A92,2,A121,A172,1
9,A34,A12,3,1501,A201,A61,A192,A75,2,A46,1,34,A143,A101,A152,A92,2,A123,A174,2
12,A32,A12,1,2930,A201,A61,A191,A74,2,A43,1,27,A143,A101,A152,A92,1,A121,A173,1
12,A32,A12,1,1007,A201,A64,A191,A73,4,A40,1,22,A143,A101,A152,A94,1,A121,A173,1
39,A32,A14,2,8588,A201,A62,A192,A75,4,A41,1,45,A143,A101,A152,A93,1,A123,A174,1
18,A32,A14,4,1473,A201,A61,A192,A72,3,A43,1,39,A143,A101,A152,A94,1,A121,A173,1
8,A34,A11,4,3398,A202,A61,A191,A74,1,A40,1,39,A143,A101,A152,A93,2,A121,A172,1
24,A32,A14,4,5433,A201,A65,A192,A71,2,A41,1,26,A143,A101,A151,A92,1,A122,A174,1
4,A34,A14,1,1455,A201,A61,A191,A74,2,A40,2,42,A143,A101,A152,A93,3,A121,A172,1
6,A34,A11,3,4716,A201,A65,A191,A72,1,A40,2,44,A143,A101,A152,A93,2,A121,A172,1
12,A32,A14,4,2445,A201,A65,A192,A72,2,A41,1,26,A143,A101,A151,A94,1,A123,A173,1
12,A32,A14,2,1386,A201,A63,A191,A73,2,A40,1,26,A143,A101,A152,A92,1,A122,A173,2
21,A32,A11,2,3763,A202,A65,A191,A74,2,A40,1,24,A143,A102,A152,A93,1,A121,A172,1
6,A32,A12,2,14555,A201,A65,A192,A71,1,A40,1,23,A143,A101,A152,A93,1,A122,A171,2
12,A34,A12,3,1424,A201,A61,A191,A74,4,A44,1,26,A143,A101,A152,A93,1,A122,A173,1
18,A34,A14,3,1149,A201,A64,A191,A73,4,A43,1,46,A143,A101,A152,A93,2,A121,A173,1
24,A32,A11,4,1603,A201,A61,A191,A75,4,A43,1,55,A143,A101,A152,A92,1,A123,A173,1
12,A34,A14,4,996,A201,A65,A191,A74,4,A45,1,23,A143,A101,A152,A92,2,A121,A173,1
4,A32,A13,2,1494,A202,A65,A191,A72,1,A40,2,29,A143,A101,A152,A93,1,A121,A172,1
10,A34,A13,2,1347,A201,A65,A192,A74,4,A43,1,27,A143,A101,A152,A93,2,A122,A173,1
6,A32,A11,3,1374,A201,A65,A192,A71,4,A40,1,75,A143,A101,A152,A92,1,A122,A174,1
12,A32,A12,2,2762,A201,A65,A192,A75,1,A42,1,25,A141,A101,A152,A92,1,A122,A173,2
27,A32,A11,2,3416,A201,A61,A191,A73,3,A43,1,27,A143,A101,A152,A93,1,A123,A174,1
12,A32,A12,4,2002,A201,A61,A192,A74,3,A40,2,30,A143,A101,A151,A93,1,A122,A173,1
30,A34,A14,4,4530,A201,A61,A192,A74,4,A43,1,26,A143,A101,A151,A92,1,A123,A174,1
14,A33,A14,2,802,A201,A61,A191,A73,4,A40,1,27,A143,A101,A152,A93,2,A123,A172,1
12,A32,A12,4,1092,A201,A61,A192,A73,4,A43,1,49,A143,A103,A152,A92,2,A121,A173,1
36,A32,A11,2,3620,A201,A61,A191,A73,1,A42,2,37,A143,A103,A152,A93,1,A122,A173,1
6,A32,A14,4,1338,A201,A63,A191,A73,1,A44,1,62,A143,A101,A152,A91,1,A121,A173,1
12,A32,A12,3,685,A201,A61,A191,A74,2,A40,1,25,A141,A101,A152,A94,1,A123,A172,2
24,A32,A11,4,1987,A201,A61,A191,A73,2,A43,2,21,A143,A101,A151,A93,1,A121,A172,2
12,A30,A11,4,1082,A201,A61,A191,A73,4,A40,1,48,A141,A101,A152,A93,2,A123,A173,2
12,A32,A12,1,1567,A201,A61,A192,A73,1,A43,1,22,A143,A101,A152,A92,1,A123,A173,1
12,A32,A14,2,707,A201,A61,A191,A73,4,A43,1,30,A141,A101,A152,A93,2,A121,A173,1
12,A32,A11,2,900,A201,A65,A191,A73,4,A40,1,23,A143,A101,A152,A94,1,A123,A173,2
12,A34,A12,3,2366,A201,A63,A192,A74,3,A40,1,36,A143,A101,A152,A91,1,A123,A174,1
12,A31,A11,2,697,A201,A61,A192,A72,4,A40,1,46,A141,A101,A152,A93,2,A123,A173,2
15,A32,A11,2,1275,A201,A65,A191,A73,4,A44,1,24,A143,A101,A151,A92,1,A123,A173,2
36,A32,A11,4,5493,A201,A61,A191,A75,2,A41,2,42,A143,A101,A153,A93,1,A124,A173,1
24,A34,A13,4,3617,A201,A65,A191,A75,4,A42,1,20,A143,A102,A151,A93,2,A124,A173,1
18,A32,A14,2,1126,A201,A65,A192,A72,4,A43,1,21,A143,A101,A151,A92,1,A121,A173,1
15,A32,A11,4,2511,A201,A61,A191,A71,1,A40,1,23,A143,A101,A151,A92,1,A123,A173,1
12,A34,A14,3,682,A201,A62,A192,A74,4,A40,1,51,A143,A101,A152,A92,2,A123,A173,1
27,A34,A12,2,2520,A201,A63,A191,A73,4,A43,1,23,A143,A101,A152,A93,2,A122,A172,2
11,A34,A12,4,1322,A201,A64,A191,A73,4,A40,1,40,A143,A101,A152,A92,2,A123,A173,1
24,A32,A11,1,2303,A201,A61,A191,A75,4,A40,1,45,A143,A102,A152,A93,1,A121,A173,2
42,A32,A14,4,7166,A201,A65,A192,A74,2,A43,1,29,A143,A101,A151,A94,1,A122,A173,1
15,A32,A13,3,2327,A201,A61,A191,A72,2,A43,1,25,A143,A101,A152,A92,1,A121,A172,2
18,A32,A14,2,4594,A201,A61,A192,A72,3,A43,1,32,A143,A101,A152,A93,1,A123,A173,1
12,A34,A12,3,958,A201,A61,A191,A74,2,A40,2,47,A143,A101,A152,A93,2,A121,A172,1
9,A32,A11,3,654,A201,A61,A191,A73,4,A40,1,28,A143,A101,A152,A93,1,A123,A172,2
6,A33,A14,2,1743,A201,A62,A191,A73,1,A49,1,34,A143,A101,A152,A93,2,A121,A172,1
8,A32,A12,4,1237,A201,A61,A191,A73,3,A42,1,24,A143,A101,A152,A92,1,A121,A173,2
24,A32,A14,3,1311,A201,A62,A192,A74,4,A43,1,26,A143,A101,A152,A94,1,A122,A173,1
24,A32,A11,1,2359,A201,A62,A191,A71,1,A42,1,33,A143,A101,A152,A91,1,A122,A173,2
18,A32,A11,2,2659,A201,A64,A191,A73,4,A42,1,28,A143,A101,A152,A93,1,A123,A173,1
6,A32,A14,2,1595,A201,A61,A191,A74,3,A43,2,51,A143,A101,A152,A93,1,A122,A173,1
18,A34,A14,4,3229,A201,A65,A192,A71,2,A41,1,38,A143,A101,A152,A93,1,A124,A174,1
18,A32,A12,2,866,A201,A61,A191,A73,4,A43,1,25,A143,A103,A152,A94,1,A121,A172,1
6,A32,A14,4,1346,A201,A62,A192,A75,2,A43,2,42,A141,A101,A153,A93,1,A124,A173,1
24,A33,A14,2,2375,A201,A63,A192,A73,4,A49,2,44,A143,A101,A152,A93,2,A123,A173,1
15,A32,A11,4,806,A201,A61,A191,A73,4,A49,1,22,A143,A101,A152,A92,1,A122,A172,1
18,A34,A11,4,1049,A201,A61,A191,A72,4,A42,1,21,A143,A101,A151,A92,1,A122,A173,1
24,A32,A11,4,2384,A201,A61,A191,A75,4,A43,1,64,A141,A101,A151,A93,1,A121,A172,1
8,A32,A12,2,1414,A202,A61,A191,A73,4,A43,1,33,A143,A103,A152,A93,1,A121,A173,1
42,A32,A11,4,7882,A201,A61,A191,A74,2,A42,2,45,A143,A103,A153,A93,1,A122,A173,1
9,A34,A14,2,3074,A201,A65,A191,A73,1,A43,2,33,A143,A101,A152,A93,2,A121,A173,1
9,A32,A12,2,1549,A201,A65,A191,A72,4,A40,1,35,A143,A101,A152,A93,1,A121,A171,1
6,A32,A13,2,709,A202,A64,A191,A72,2,A40,1,27,A143,A101,A152,A94,1,A121,A171,1
36,A32,A11,4,1977,A201,A65,A192,A75,4,A46,1,40,A143,A101,A152,A93,1,A124,A174,2
21,A32,A11,2,3357,A201,A64,A191,A72,4,A43,1,29,A141,A101,A152,A92,1,A123,A173,1
60,A34,A14,4,13756,A201,A65,A192,A75,2,A40,1,63,A141,A101,A153,A93,1,A124,A174,1
4,A34,A14,1,1544,A201,A61,A191,A74,2,A43,2,42,A143,A101,A152,A93,3,A121,A172,1
9,A34,A14,2,936,A201,A63,A192,A75,4,A46,1,52,A143,A101,A152,A93,2,A123,A173,1
21,A34,A14,4,12680,A201,A65,A192,A75,4,A40,1,30,A143,A101,A153,A93,1,A124,A174,2
24,A32,A14,1,2255,A201,A65,A191,A72,4,A40,1,54,A143,A101,A152,A93,1,A122,A173,1
24,A32,A12,4,3758,A201,A63,A191,A71,1,A43,1,23,A143,A101,A151,A92,1,A124,A171,1
18,A33,A14,2,2169,A201,A61,A192,A73,4,A49,1,28,A143,A101,A152,A94,1,A123,A173,2
48,A30,A12,2,12204,A201,A65,A192,A73,2,A49,1,48,A141,A101,A152,A93,1,A123,A174,1
21,A32,A12,4,1188,A201,A61,A191,A75,2,A49,2,39,A143,A101,A152,A92,1,A122,A173,2
21,A34,A12,3,3652,A201,A61,A191,A74,2,A49,1,27,A143,A101,A152,A93,2,A122,A173,1
18,A32,A14,4,2515,A201,A61,A192,A73,3,A42,1,43,A143,A101,A152,A93,1,A121,A173,1
13,A32,A14,4,1409,A201,A62,A191,A71,2,A43,1,64,A143,A101,A152,A92,1,A121,A173,1
12,A32,A13,2,1881,A201,A61,A192,A73,2,A43,1,44,A143,A101,A151,A92,1,A123,A172,1
12,A32,A13,2,2251,A201,A61,A191,A73,1,A42,1,46,A143,A101,A152,A92,1,A123,A172,1
10,A34,A11,3,2132,A202,A65,A191,A72,2,A42,1,27,A143,A102,A151,A92,2,A121,A173,1
12,A32,A14,3,1493,A201,A61,A191,A72,4,A43,2,34,A143,A101,A152,A92,1,A123,A173,1
12,A34,A14,4,1163,A201,A63,A192,A73,4,A40,1,44,A143,A101,A152,A93,1,A121,A173,1
12,A32,A12,4,1037,A201,A62,A191,A74,3,A49,1,39,A143,A101,A152,A93,1,A121,A172,1
24,A32,A11,2,3021,A201,A61,A191,A73,2,A42,1,24,A143,A101,A151,A91,1,A121,A172,1
12,A32,A11,4,2578,A201,A61,A191,A71,3,A42,1,55,A143,A101,A153,A92,1,A124,A174,1
9,A32,A12,4,276,A201,A61,A191,A73,4,A40,1,22,A143,A101,A151,A94,1,A121,A172,1
24,A32,A12,4,4113,A201,A63,A191,A72,3,A41,1,28,A143,A101,A151,A92,1,A123,A173,2
10,A32,A14,2,2848,A201,A62,A191,A73,1,A41,2,32,A143,A102,A152,A93,1,A121,A173,1
21,A33,A12,4,2353,A201,A61,A191,A73,1,A40,1,47,A143,A101,A152,A91,2,A122,A173,1
12,A34,A11,3,691,A201,A61,A191,A75,4,A40,1,35,A143,A101,A152,A93,2,A122,A173,2
6,A34,A14,4,700,A201,A65,A191,A75,4,A43,1,36,A143,A101,A153,A93,2,A124,A173,1
12,A34,A11,3,1409,A201,A61,A191,A75,4,A41,1,54,A143,A101,A152,A93,1,A121,A173,1
9,A32,A12,2,2118,A201,A61,A191,A73,2,A43,2,37,A143,A101,A152,A93,1,A121,A172,1
12,A32,A14,3,3527,A201,A65,A192,A72,2,A40,2,45,A143,A101,A152,A93,1,A122,A174,1
9,A32,A14,2,1478,A201,A61,A191,A74,4,A43,1,22,A143,A101,A152,A93,1,A123,A173,2
30,A34,A13,4,3656,A201,A65,A191,A75,4,A43,1,49,A142,A101,A152,A93,2,A122,A172,1
10,A32,A13,1,3949,A201,A61,A191,A72,1,A40,2,37,A143,A103,A152,A93,1,A122,A172,1
18,A32,A11,1,3509,A201,A61,A191,A74,4,A43,1,25,A143,A103,A152,A92,1,A121,A173,1
48,A31,A12,3,6416,A201,A61,A191,A75,4,A49,1,59,A143,A101,A151,A92,1,A124,A173,2
48,A32,A11,4,7763,A201,A61,A191,A75,4,A40,1,42,A141,A101,A153,A93,1,A124,A174,2
30,A32,A12,2,2150,A201,A61,A191,A73,4,A40,1,24,A141,A103,A152,A92,1,A124,A173,2
18,A32,A11,4,3650,A201,A61,A191,A72,1,A42,1,22,A143,A101,A151,A92,1,A123,A173,1
15,A32,A11,3,1721,A201,A61,A191,A72,2,A40,1,36,A143,A101,A152,A93,1,A121,A173,1
15,A32,A11,4,1403,A201,A61,A191,A73,2,A40,1,28,A143,A101,A151,A92,1,A123,A173,1
12,A32,A11,1,1274,A201,A61,A191,A72,3,A40,1,37,A143,A101,A152,A92,1,A121,A172,2
27,A33,A12,2,5965,A201,A61,A192,A75,1,A41,1,30,A143,A101,A152,A93,2,A123,A174,1
12,A34,A14,4,2331,A201,A65,A192,A75,1,A43,1,49,A143,A102,A152,A93,1,A121,A173,1
36,A32,A11,4,8335,A201,A65,A191,A75,3,A41,1,47,A143,A101,A153,A93,1,A124,A173,2
12,A32,A14,2,2171,A201,A61,A191,A72,2,A43,1,29,A141,A101,A152,A92,1,A123,A173,1
13,A34,A11,1,1797,A201,A61,A191,A72,3,A49,1,28,A141,A101,A152,A93,2,A122,A172,1
6,A32,A14,4,672,A201,A61,A192,A71,1,A40,1,54,A143,A101,A152,A92,1,A121,A171,1
24,A32,A11,3,1938,A201,A61,A191,A72,4,A43,1,32,A143,A101,A152,A91,1,A122,A173,2
18,A34,A12,2,1928,A201,A61,A191,A72,2,A42,1,31,A143,A101,A152,A93,2,A121,A172,2
6,A32,A14,2,1543,A201,A64,A191,A73,4,A42,1,33,A143,A101,A152,A91,1,A121,A173,1
30,A32,A14,4,1867,A201,A65,A192,A75,4,A43,1,58,A143,A101,A152,A93,1,A123,A173,1
36,A33,A14,2,10875,A201,A61,A192,A75,2,A40,2,45,A143,A101,A152,A93,2,A123,A173,1
36,A32,A14,4,2299,A201,A63,A191,A75,4,A43,1,39,A143,A101,A152,A93,1,A123,A173,1
15,A34,A14,2,1360,A201,A61,A191,A73,4,A43,1,31,A143,A101,A152,A93,2,A122,A173,1
36,A32,A14,4,2394,A201,A65,A191,A73,4,A43,1,25,A143,A101,A152,A92,1,A123,A173,1
12,A32,A12,4,888,A201,A61,A191,A75,4,A40,2,41,A141,A101,A152,A93,1,A123,A172,2
10,A32,A14,2,1546,A202,A61,A191,A73,3,A40,2,31,A143,A101,A152,A93,1,A121,A172,1
15,A34,A14,4,1520,A201,A65,A191,A75,4,A42,1,63,A143,A101,A152,A93,1,A122,A173,1
18,A34,A14,4,6070,A201,A61,A192,A75,3,A43,1,33,A143,A101,A152,A93,2,A123,A173,1
60,A32,A11,4,7297,A201,A61,A191,A75,4,A49,1,36,A143,A102,A151,A93,1,A124,A173,2
24,A34,A14,3,2463,A201,A62,A192,A74,4,A40,1,27,A143,A101,A152,A94,2,A122,A173,1
24,A30,A12,4,4241,A201,A61,A192,A73,1,A49,1,36,A143,A101,A152,A93,3,A121,A172,2
6,A34,A13,1,1299,A202,A61,A191,A73,1,A40,2,74,A143,A101,A152,A93,3,A121,A171,1
6,A32,A14,2,1538,A201,A61,A191,A72,1,A46,1,56,A143,A101,A152,A92,1,A124,A173,1
15,A33,A11,4,3643,A201,A61,A191,A75,1,A42,1,27,A143,A101,A152,A92,2,A122,A172,1
36,A33,A12,2,7432,A201,A61,A191,A73,2,A40,1,54,A143,A101,A151,A92,1,A122,A173,1
12,A34,A14,2,1934,A201,A61,A191,A75,2,A43,1,26,A143,A101,A152,A93,2,A124,A173,1
12,A32,A13,4,1297,A201,A61,A191,A73,3,A43,1,23,A143,A101,A151,A94,1,A121,A173,1
12,A32,A12,1,3017,A201,A61,A191,A72,3,A42,1,34,A143,A101,A151,A92,1,A121,A174,1
36,A33,A14,4,7678,A201,A63,A192,A74,2,A42,1,40,A143,A101,A152,A92,2,A123,A173,1
12,A34,A14,4,1935,A201,A61,A192,A75,4,A42,1,43,A143,A101,A152,A93,3,A121,A173,1
6,A32,A12,3,484,A201,A61,A191,A74,3,A43,1,28,A141,A103,A152,A94,1,A121,A172,1
24,A34,A14,2,1927,A201,A65,A192,A73,3,A46,1,33,A143,A101,A152,A92,2,A123,A173,1
15,A32,A14,3,1213,A201,A63,A192,A75,4,A43,1,47,A142,A101,A152,A93,1,A122,A173,1
6,A33,A13,1,683,A201,A61,A191,A72,2,A43,1,29,A141,A101,A152,A92,1,A122,A173,1
12,A32,A11,4,1282,A201,A61,A191,A73,2,A42,1,20,A143,A101,A151,A92,1,A123,A173,2
18,A32,A11,4,4380,A201,A62,A192,A73,3,A40,2,35,A143,A101,A152,A93,1,A123,A172,1
36,A32,A14,2,8133,A201,A61,A191,A73,1,A41,1,30,A141,A101,A152,A92,1,A122,A173,1
18,A34,A14,1,2238,A201,A61,A191,A73,2,A43,1,25,A143,A101,A152,A92,2,A123,A173,1
6,A32,A14,4,1236,A201,A63,A191,A73,2,A41,1,50,A143,A101,A151,A93,1,A122,A173,1
36,A32,A11,3,3959,A201,A61,A192,A71,4,A42,1,30,A143,A101,A152,A93,1,A122,A174,1
15,A32,A14,3,1262,A201,A63,A192,A74,4,A44,1,36,A143,A101,A152,A93,2,A122,A173,1
24,A33,A14,4,2538,A201,A61,A191,A75,4,A40,2,47,A143,A101,A152,A93,2,A123,A172,2
10,A32,A14,4,1924,A202,A61,A192,A73,1,A43,1,38,A143,A101,A152,A93,1,A122,A173,1
18,A34,A14,2,1864,A201,A62,A191,A73,4,A46,1,30,A143,A101,A152,A92,2,A121,A173,2
48,A31,A11,4,7685,A201,A61,A191,A74,2,A49,1,37,A143,A103,A151,A92,1,A123,A173,2
7,A34,A14,2,730,A201,A65,A192,A75,4,A43,1,46,A143,A101,A151,A93,2,A122,A172,1
11,A34,A14,4,1154,A201,A62,A191,A71,4,A43,1,57,A143,A101,A152,A92,3,A121,A172,1
12,A32,A14,2,1413,A202,A64,A191,A74,3,A41,1,55,A143,A101,A152,A93,1,A122,A173,1
48,A34,A14,3,2751,A201,A65,A192,A75,4,A41,2,38,A143,A101,A152,A93,2,A123,A173,1
12,A32,A12,4,1318,A201,A64,A192,A75,4,A40,1,54,A143,A101,A152,A93,1,A121,A173,1
24,A32,A14,3,3062,A201,A63,A192,A75,4,A42,1,32,A143,A101,A151,A93,1,A124,A173,1
45,A30,A11,4,11816,A201,A61,A191,A75,2,A49,1,29,A143,A101,A151,A93,2,A123,A173,2
8,A32,A12,2,760,A201,A61,A191,A74,4,A43,1,44,A143,A103,A152,A92,1,A121,A172,1
39,A34,A11,4,14179,A201,A65,A192,A74,4,A42,1,30,A143,A101,A152,A93,2,A122,A174,1
24,A32,A11,4,1371,A201,A65,A191,A73,4,A40,1,25,A143,A101,A151,A92,1,A121,A173,2
24,A31,A11,4,1546,A201,A61,A191,A74,4,A43,1,24,A141,A103,A151,A93,1,A123,A172,2
12,A32,A11,4,1200,A201,A65,A192,A73,4,A46,1,23,A141,A101,A151,A92,1,A122,A173,1
48,A34,A14,4,11590,A201,A62,A191,A73,2,A41,1,24,A141,A101,A151,A92,2,A123,A172,2
6,A34,A11,4,3384,A201,A61,A192,A73,1,A42,1,44,A143,A101,A151,A91,1,A121,A174,2
48,A30,A11,4,7119,A201,A61,A191,A73,3,A42,2,53,A143,A101,A153,A93,2,A124,A173,2
14,A32,A12,2,1410,A201,A63,A192,A75,1,A49,1,35,A143,A101,A152,A94,1,A121,A173,1
24,A32,A14,3,937,A201,A61,A191,A72,4,A48,1,27,A143,A101,A152,A94,2,A123,A172,1
9,A32,A14,4,3832,A201,A65,A191,A75,1,A46,1,64,A143,A101,A152,A93,1,A121,A172,1
15,A32,A12,4,2631,A201,A62,A192,A73,2,A40,1,28,A143,A101,A151,A92,2,A123,A173,2
6,A34,A14,1,1237,A201,A62,A191,A73,1,A43,1,27,A143,A101,A152,A92,2,A122,A173,1
18,A31,A11,4,1442,A201,A61,A191,A74,4,A40,2,32,A143,A101,A153,A93,2,A124,A172,2
18,A32,A14,4,1984,A201,A61,A191,A73,4,A42,1,47,A141,A101,A153,A93,2,A124,A173,1
21,A32,A12,2,2767,A201,A62,A191,A75,4,A49,1,61,A141,A101,A151,A91,2,A123,A172,2
10,A32,A14,4,2901,A201,A65,A191,A72,1,A41,1,31,A143,A101,A151,A92,1,A121,A173,1
9,A32,A14,4,2301,A201,A62,A191,A72,2,A42,1,22,A143,A101,A151,A92,1,A122,A173,1
12,A32,A13,3,3399,A201,A65,A191,A75,2,A43,1,37,A143,A101,A152,A93,1,A123,A174,1
6,A34,A11,4,1361,A202,A61,A191,A72,2,A40,2,40,A143,A101,A152,A93,1,A121,A172,1
24,A31,A12,4,1837,A201,A61,A191,A74,4,A46,1,34,A141,A101,A153,A92,1,A124,A172,2
21,A34,A11,3,1602,A201,A61,A192,A75,4,A40,1,30,A143,A101,A152,A94,2,A123,A173,1
60,A33,A14,4,15653,A201,A61,A192,A74,2,A43,1,21,A143,A101,A152,A93,2,A123,A173,1
12,A32,A11,2,1657,A201,A61,A191,A73,2,A42,1,27,A143,A101,A152,A93,1,A121,A173,1
6,A32,A13,2,2116,A201,A61,A192,A73,2,A42,1,41,A143,A101,A152,A93,1,A121,A173,1
18,A32,A12,4,2622,A201,A62,A191,A73,4,A49,1,34,A143,A101,A152,A93,1,A123,A173,1
24,A32,A12,3,11328,A201,A61,A192,A73,2,A410,1,29,A141,A102,A152,A93,2,A123,A174,2
28,A32,A11,2,4006,A201,A61,A191,A73,3,A40,1,45,A143,A101,A152,A93,1,A123,A172,2
18,A32,A12,3,1924,A201,A65,A191,A72,4,A42,1,27,A143,A101,A151,A92,1,A121,A173,2
20,A32,A12,4,6468,A201,A65,A192,A71,1,A41,1,60,A143,A101,A152,A91,1,A121,A174,1
6,A31,A12,1,931,A201,A62,A191,A72,1,A40,1,32,A142,A101,A152,A92,1,A122,A172,2
15,A32,A11,2,3959,A201,A61,A192,A73,3,A40,1,29,A143,A101,A152,A92,1,A122,A173,2
11,A34,A11,2,3905,A201,A61,A191,A73,2,A40,2,36,A143,A101,A151,A93,2,A121,A173,1
12,A32,A13,1,1474,A201,A61,A192,A72,4,A42,1,33,A141,A101,A152,A92,1,A122,A174,1
9,A32,A13,2,745,A201,A61,A191,A73,3,A43,1,28,A143,A101,A152,A92,1,A121,A172,2
36,A30,A12,1,3804,A201,A61,A192,A73,4,A43,1,42,A143,A101,A152,A92,1,A123,A173,2
18,A32,A14,1,1950,A201,A61,A192,A74,4,A49,1,34,A142,A101,A152,A93,2,A123,A173,1
18,A32,A12,4,1239,A201,A65,A191,A73,4,A46,1,61,A143,A101,A153,A93,1,A124,A173,1
24,A32,A14,2,1413,A201,A61,A191,A73,4,A43,1,28,A143,A101,A152,A94,1,A122,A173,1
15,A34,A12,2,2728,A201,A65,A192,A74,4,A43,1,35,A141,A103,A152,A93,3,A121,A173,1
24,A32,A11,4,2924,A201,A61,A192,A73,3,A41,2,63,A141,A103,A152,A93,1,A124,A173,1
18,A32,A11,4,2600,A201,A61,A191,A73,4,A43,1,65,A143,A101,A153,A93,2,A124,A173,2
12,A34,A14,4,5801,A201,A65,A192,A75,2,A42,1,49,A143,A101,A151,A93,1,A122,A173,1
60,A32,A14,4,10366,A201,A61,A192,A75,2,A40,1,42,A143,A101,A152,A93,1,A122,A174,1
12,A32,A11,4,3386,A201,A61,A192,A75,3,A41,1,35,A143,A101,A153,A93,1,A124,A173,2
24,A34,A14,4,1940,A201,A64,A192,A75,4,A40,1,60,A143,A101,A152,A93,1,A121,A173,1
9,A34,A12,3,1919,A201,A61,A192,A74,4,A42,1,35,A143,A101,A151,A93,1,A123,A173,1
15,A34,A14,2,1459,A201,A61,A191,A73,4,A43,1,43,A143,A101,A152,A92,1,A123,A172,1
16,A34,A11,4,2625,A201,A61,A192,A75,2,A40,1,43,A141,A103,A151,A93,1,A122,A173,2
24,A32,A11,1,3123,A201,A61,A191,A72,4,A40,1,27,A143,A101,A152,A92,1,A122,A173,2
22,A32,A14,4,2675,A201,A63,A191,A75,3,A43,1,40,A143,A101,A152,A93,1,A123,A173,1
36,A34,A11,2,2348,A201,A61,A192,A73,3,A42,1,46,A143,A101,A152,A94,2,A122,A173,1
27,A33,A14,2,8613,A201,A64,A191,A73,2,A41,1,27,A143,A101,A152,A93,2,A123,A173,1
42,A33,A11,2,4370,A201,A61,A192,A74,3,A43,2,26,A141,A101,A152,A93,2,A122,A173,2
24,A34,A14,2,6314,A201,A61,A192,A71,4,A410,1,27,A141,A102,A152,A93,2,A124,A174,1
24,A32,A14,4,3181,A201,A61,A192,A72,4,A43,1,26,A143,A101,A152,A92,1,A122,A173,1
12,A32,A14,2,640,A201,A61,A191,A73,4,A40,1,49,A143,A101,A152,A91,1,A121,A172,1
15,A31,A12,2,1264,A201,A62,A191,A73,2,A40,1,25,A143,A101,A151,A94,1,A122,A173,2
18,A32,A12,2,1941,A201,A64,A192,A73,4,A49,1,35,A143,A101,A152,A93,1,A122,A172,1
12,A34,A14,4,976,A201,A65,A191,A75,4,A43,1,35,A143,A101,A152,A93,2,A123,A173,1
9,A32,A14,4,1313,A201,A61,A191,A75,1,A42,1,20,A143,A101,A152,A93,1,A123,A173,1
36,A33,A14,2,4463,A201,A61,A192,A73,4,A43,1,26,A143,A101,A152,A93,2,A123,A174,2
13,A32,A12,4,2101,A201,A61,A191,A72,2,A43,1,23,A143,A103,A152,A92,1,A122,A172,1
24,A32,A12,4,5084,A201,A65,A192,A75,2,A43,1,42,A143,A101,A152,A92,1,A123,A173,1
24,A32,A11,2,6568,A201,A61,A191,A73,2,A49,1,21,A142,A101,A152,A94,1,A123,A172,1
12,A31,A11,1,2149,A201,A61,A191,A73,4,A43,1,29,A143,A101,A153,A91,1,A124,A173,2
12,A34,A11,4,4843,A201,A61,A192,A75,3,A40,1,43,A143,A102,A151,A93,2,A122,A173,2
18,A34,A11,4,3966,A201,A61,A192,A75,1,A40,1,33,A141,A101,A151,A92,3,A121,A173,2
24,A32,A14,2,1393,A201,A61,A192,A73,2,A40,1,31,A143,A103,A152,A93,1,A121,A173,1
24,A34,A14,3,1585,A201,A61,A191,A74,4,A42,1,40,A143,A101,A152,A93,2,A122,A173,1
24,A32,A11,2,1282,A201,A62,A191,A73,4,A43,1,32,A143,A101,A152,A92,1,A123,A172,2
12,A34,A14,4,522,A201,A63,A192,A75,4,A43,2,42,A143,A101,A152,A93,2,A122,A173,1
24,A34,A12,4,4736,A201,A61,A191,A72,2,A42,1,25,A141,A101,A152,A92,1,A123,A172,2
18,A32,A12,2,1301,A201,A61,A191,A75,4,A43,1,32,A143,A103,A152,A94,1,A121,A172,1
14,A32,A11,4,8978,A202,A61,A192,A75,1,A40,1,45,A143,A101,A152,A91,1,A122,A174,2
47,A32,A11,1,10722,A201,A61,A192,A72,1,A40,1,35,A143,A101,A152,A92,1,A121,A172,1
24,A32,A14,4,2835,A201,A63,A191,A75,3,A42,1,53,A143,A101,A152,A93,1,A122,A173,1
24,A32,A11,4,4169,A201,A61,A191,A73,4,A42,1,28,A143,A101,A152,A93,1,A122,A173,1
24,A34,A14,2,2578,A201,A64,A191,A75,2,A43,1,34,A143,A101,A152,A93,1,A123,A173,1
15,A32,A12,3,802,A201,A61,A191,A75,4,A43,2,37,A143,A101,A152,A93,1,A123,A173,2
27,A32,A12,1,2528,A201,A61,A192,A72,4,A49,2,32,A143,A101,A152,A92,1,A122,A173,1
24,A32,A11,4,2996,A201,A65,A191,A73,2,A42,1,20,A143,A101,A152,A94,1,A123,A173,2
14,A32,A11,4,3973,A201,A61,A191,A71,1,A40,1,22,A143,A101,A153,A93,1,A124,A173,1
18,A33,A12,4,2899,A201,A65,A191,A75,4,A40,2,43,A143,A101,A152,A93,1,A123,A173,1
6,A32,A11,3,2647,A201,A63,A191,A73,2,A43,2,44,A143,A101,A151,A93,1,A121,A173,1
24,A34,A14,3,2611,A201,A61,A191,A75,4,A43,1,46,A143,A102,A152,A94,2,A121,A173,1
15,A32,A14,3,2708,A201,A61,A191,A72,2,A42,1,27,A141,A101,A152,A93,2,A122,A172,1
15,A34,A12,4,2326,A201,A63,A191,A73,2,A49,1,27,A141,A101,A152,A93,1,A123,A173,1
18,A31,A14,4,6458,A201,A61,A192,A75,2,A40,2,39,A141,A101,A152,A93,2,A124,A174,2
30,A31,A12,2,3496,A201,A64,A192,A73,4,A42,2,34,A142,A101,A152,A93,1,A123,A173,1
12,A34,A14,2,926,A201,A61,A191,A71,1,A40,1,38,A143,A101,A152,A92,1,A122,A171,1
10,A32,A14,4,727,A201,A63,A192,A75,4,A46,1,46,A143,A101,A153,A93,1,A124,A173,1
12,A32,A11,1,2577,A201,A61,A191,A73,2,A42,1,42,A143,A101,A152,A91,1,A123,A173,1
18,A32,A11,3,1217,A201,A61,A192,A73,4,A44,1,47,A143,A101,A152,A94,1,A121,A172,2
12,A31,A11,1,339,A201,A61,A191,A75,4,A48,1,45,A141,A101,A152,A94,1,A123,A172,1
36,A33,A11,3,6887,A201,A61,A192,A73,4,A46,1,29,A142,A101,A152,A93,1,A122,A173,2
24,A32,A12,3,4057,A201,A61,A192,A74,3,A42,1,43,A143,A101,A152,A91,1,A123,A173,2
36,A31,A12,2,3990,A201,A65,A191,A72,3,A44,1,29,A141,A101,A152,A92,1,A124,A171,1
9,A32,A14,2,2697,A201,A61,A191,A73,1,A43,2,32,A143,A101,A152,A93,1,A121,A173,1
24,A33,A11,2,1659,A201,A61,A192,A72,4,A43,1,29,A143,A101,A151,A92,1,A123,A172,2
6,A32,A11,4,662,A201,A61,A192,A72,3,A40,2,41,A143,A101,A152,A93,1,A121,A172,1
15,A32,A14,2,1386,A201,A65,A192,A73,4,A43,1,40,A143,A101,A151,A94,1,A121,A173,1
18,A32,A11,2,2462,A201,A61,A191,A73,2,A42,1,22,A143,A101,A152,A93,1,A123,A173,2
36,A32,A13,2,4473,A201,A61,A191,A75,4,A43,1,31,A143,A101,A152,A93,1,A123,A173,1
15,A32,A11,2,1053,A202,A61,A191,A72,4,A43,1,27,A143,A101,A152,A94,1,A121,A173,1
30,A33,A12,3,1919,A201,A62,A191,A72,4,A43,1,30,A142,A101,A152,A93,2,A124,A174,2
24,A32,A11,3,4817,A201,A61,A192,A74,2,A40,1,31,A143,A102,A152,A93,1,A122,A173,2
30,A32,A12,4,3441,A201,A62,A191,A73,2,A42,1,21,A143,A102,A151,A92,1,A123,A173,2
18,A32,A12,4,12976,A201,A61,A192,A71,3,A41,1,38,A143,A101,A153,A92,1,A124,A174,2
24,A31,A11,4,1193,A201,A61,A191,A71,1,A40,1,29,A143,A102,A151,A92,2,A124,A171,2
20,A34,A11,4,4272,A201,A61,A191,A75,1,A42,1,24,A143,A101,A152,A92,2,A122,A173,1
9,A32,A14,2,1388,A201,A61,A191,A73,4,A42,1,26,A143,A101,A151,A92,1,A121,A173,1
24,A32,A11,2,3345,A201,A61,A192,A75,4,A42,1,39,A143,A101,A151,A93,1,A122,A174,2
6,A32,A11,2,1352,A201,A63,A192,A71,1,A41,1,23,A143,A101,A151,A92,1,A122,A171,1
10,A32,A12,2,1521,A201,A61,A191,A73,4,A42,1,31,A143,A101,A152,A91,1,A123,A172,1
24,A32,A14,3,1533,A201,A61,A192,A72,4,A43,1,38,A142,A101,A152,A92,1,A123,A173,1
33,A33,A14,2,2764,A201,A61,A192,A73,2,A49,1,26,A143,A101,A152,A92,2,A123,A173,1
12,A32,A14,4,4675,A201,A65,A191,A72,1,A41,1,20,A143,A101,A151,A92,1,A123,A173,1
24,A33,A11,4,1024,A201,A61,A191,A72,4,A43,1,48,A142,A101,A152,A94,1,A121,A173,2
24,A34,A13,2,1344,A201,A65,A191,A74,4,A40,2,37,A141,A101,A152,A93,2,A121,A172,2
24,A32,A14,3,1525,A201,A64,A192,A74,4,A40,2,34,A143,A101,A152,A92,1,A123,A173,1
15,A32,A13,4,1905,A201,A61,A192,A75,4,A46,1,40,A143,A101,A151,A93,1,A123,A174,1
9,A32,A12,2,3195,A201,A65,A191,A73,1,A40,1,33,A143,A101,A152,A92,1,A121,A172,1
18,A32,A11,4,7511,A201,A65,A192,A75,1,A41,2,51,A143,A101,A153,A93,1,A122,A173,2
36,A33,A11,1,2145,A201,A61,A192,A74,2,A49,1,24,A143,A101,A152,A93,2,A123,A173,2
24,A32,A14,1,1258,A201,A61,A192,A74,4,A49,1,25,A143,A101,A152,A93,1,A121,A173,1
24,A32,A12,1,2896,A201,A62,A191,A72,2,A43,1,29,A143,A101,A152,A93,1,A123,A173,1
24,A32,A11,4,3234,A201,A61,A192,A72,4,A42,1,23,A143,A101,A151,A92,1,A121,A172,2
4,A32,A14,3,601,A201,A61,A191,A72,1,A42,2,23,A143,A101,A151,A92,1,A121,A172,1
30,A32,A12,1,3832,A201,A61,A191,A72,2,A42,1,22,A143,A101,A152,A94,1,A122,A173,1
36,A34,A14,4,6304,A201,A65,A191,A75,4,A49,1,36,A143,A101,A152,A93,2,A121,A173,1
9,A32,A12,1,1391,A201,A61,A192,A73,2,A49,1,27,A141,A101,A152,A94,1,A121,A173,1
24,A32,A13,2,5152,A201,A61,A191,A74,4,A43,1,25,A141,A101,A152,A93,1,A123,A173,1
9,A30,A13,2,1337,A201,A61,A192,A72,4,A43,1,34,A143,A101,A152,A93,2,A123,A174,2
12,A34,A14,4,1258,A201,A61,A191,A72,2,A42,1,22,A143,A101,A151,A92,2,A122,A172,1
12,A30,A11,3,1108,A201,A61,A191,A74,4,A45,1,28,A143,A101,A152,A93,2,A121,A173,2
18,A32,A14,1,1533,A201,A61,A191,A72,4,A42,2,43,A143,A102,A152,A94,1,A122,A172,2
12,A33,A14,4,1503,A201,A61,A191,A73,4,A41,1,41,A143,A101,A151,A94,1,A121,A173,1
12,A32,A12,2,6078,A201,A61,A191,A74,2,A40,1,32,A143,A101,A152,A93,1,A123,A173,1
24,A32,A12,1,2039,A201,A61,A192,A72,1,A43,1,22,A143,A101,A152,A94,1,A122,A173,2
24,A34,A14,2,3868,A201,A61,A192,A75,4,A41,1,41,A143,A101,A151,A92,2,A123,A174,1
48,A32,A14,3,10222,A201,A65,A192,A74,4,A43,1,37,A142,A101,A152,A93,1,A123,A173,1
12,A32,A14,4,3059,A201,A64,A191,A74,2,A43,1,61,A143,A101,A152,A91,1,A121,A172,1
27,A34,A14,2,4526,A201,A64,A192,A72,4,A42,2,32,A142,A101,A152,A93,2,A121,A172,1
18,A33,A12,3,4297,A201,A61,A192,A75,4,A42,1,40,A143,A101,A152,A91,1,A124,A174,2
24,A34,A12,3,11938,A201,A61,A192,A73,2,A410,2,39,A143,A102,A152,A93,2,A123,A174,2
12,A34,A14,2,1291,A201,A61,A191,A73,4,A43,1,35,A143,A101,A152,A92,2,A122,A173,1
15,A32,A14,2,3556,A201,A65,A191,A73,3,A40,1,29,A143,A101,A152,A93,1,A124,A173,1
12,A32,A11,3,2214,A201,A61,A191,A73,4,A43,1,24,A143,A101,A152,A93,1,A122,A172,1
21,A32,A14,3,5248,A201,A65,A191,A73,1,A41,1,26,A143,A101,A152,A93,1,A123,A173,1
42,A34,A12,1,5954,A201,A61,A191,A74,2,A49,1,41,A141,A101,A152,A92,2,A121,A172,1
21,A32,A14,3,3160,A201,A65,A192,A75,4,A43,1,41,A143,A101,A152,A93,1,A122,A173,1
12,A34,A14,4,1402,A201,A63,A192,A74,3,A42,1,37,A143,A101,A151,A92,1,A123,A173,1
42,A34,A14,4,4042,A201,A63,A192,A73,4,A42,1,36,A143,A101,A152,A93,2,A121,A173,1
30,A30,A12,1,4221,A201,A61,A191,A73,2,A49,1,28,A143,A101,A152,A92,2,A123,A173,1
9,A34,A11,4,1138,A201,A61,A191,A73,4,A43,1,25,A143,A101,A152,A93,2,A121,A172,1
12,A32,A12,1,1223,A201,A61,A191,A75,1,A40,1,46,A143,A101,A151,A91,2,A121,A173,2
12,A32,A12,3,1103,A202,A61,A191,A74,4,A43,1,29,A143,A103,A152,A93,2,A121,A173,1
12,A34,A14,4,930,A201,A65,A191,A75,4,A43,1,65,A143,A101,A152,A93,4,A121,A173,1
24,A34,A11,4,1199,A201,A61,A191,A75,4,A40,1,60,A143,A101,A152,A93,2,A123,A172,2
24,A33,A14,4,2978,A201,A65,A192,A73,4,A49,2,32,A143,A101,A152,A93,2,A121,A173,1
18,A34,A11,4,2124,A201,A61,A191,A73,4,A42,1,24,A143,A101,A151,A92,2,A121,A173,2
27,A34,A11,4,2442,A201,A61,A192,A75,4,A49,2,43,A142,A101,A152,A93,4,A123,A174,1
12,A34,A11,2,3499,A201,A61,A191,A73,3,A40,1,29,A143,A102,A152,A92,2,A121,A173,2
12,A34,A14,2,1592,A202,A64,A191,A74,3,A42,1,35,A143,A101,A152,A92,1,A122,A173,1
12,A34,A14,4,717,A201,A61,A191,A75,4,A43,1,52,A143,A101,A152,A93,3,A121,A173,1
48,A33,A12,4,6224,A201,A61,A191,A75,4,A46,1,50,A143,A101,A153,A93,1,A124,A173,2
10,A32,A13,4,1240,A201,A62,A191,A75,1,A40,2,48,A143,A101,A153,A92,1,A124,A172,2
48,A33,A14,3,7238,A201,A65,A191,A75,3,A43,2,32,A141,A101,A152,A93,2,A123,A173,1
6,A34,A11,4,1872,A201,A61,A192,A71,4,A42,1,36,A143,A101,A153,A93,3,A124,A174,1
21,A34,A11,4,571,A201,A61,A191,A75,4,A40,1,65,A143,A101,A152,A93,2,A121,A173,1
12,A34,A13,2,939,A201,A63,A192,A74,4,A40,1,28,A143,A101,A152,A94,3,A121,A173,2
27,A30,A11,4,5293,A201,A61,A192,A71,2,A49,1,50,A142,A101,A152,A93,2,A122,A173,2
18,A32,A14,1,2051,A201,A61,A191,A72,4,A43,1,33,A143,A101,A152,A93,1,A121,A173,1
30,A34,A14,2,3077,A201,A65,A192,A75,3,A43,2,40,A143,A101,A152,A93,2,A123,A173,1
24,A34,A14,4,5150,A201,A61,A192,A75,4,A42,1,33,A143,A101,A152,A93,1,A123,A173,1
6,A34,A13,4,1343,A202,A61,A191,A75,1,A40,2,46,A143,A101,A152,A93,2,A121,A173,1
15,A34,A13,4,1271,A201,A65,A192,A73,3,A43,1,39,A143,A101,A153,A93,2,A124,A173,2
6,A32,A14,2,1766,A201,A61,A191,A73,1,A42,1,21,A143,A101,A151,A94,1,A122,A173,1
10,A32,A14,2,2210,A201,A61,A191,A73,2,A42,1,25,A141,A101,A151,A93,1,A121,A172,2
11,A34,A11,2,3939,A201,A61,A191,A73,1,A40,2,40,A143,A101,A152,A93,2,A121,A172,1
48,A34,A14,3,6110,A201,A61,A192,A73,1,A46,1,31,A141,A101,A153,A93,1,A124,A173,1
24,A32,A14,2,3105,A201,A65,A191,A72,4,A43,1,25,A143,A101,A152,A93,2,A123,A173,1
15,A34,A11,3,1433,A201,A61,A191,A73,4,A42,1,25,A143,A101,A151,A92,2,A122,A173,1
18,A32,A12,4,3872,A201,A61,A192,A71,2,A45,1,67,A143,A101,A152,A92,1,A123,A173,1
6,A34,A14,2,2080,A201,A63,A191,A73,1,A40,1,24,A143,A101,A152,A94,1,A123,A173,1
24,A33,A11,4,4870,A201,A61,A191,A73,3,A40,2,53,A143,A101,A153,A93,2,A124,A173,2
10,A32,A13,2,1275,A201,A61,A191,A72,4,A42,1,23,A143,A101,A152,A92,1,A122,A173,1
18,A33,A14,1,1808,A201,A61,A191,A74,4,A42,1,22,A143,A101,A152,A92,1,A121,A173,2
