-4.755312548472165335e-02;-3.005700325732896805e-01;-1.576702342174654548e-02;7.360012408872212974e-03;2.811772917636107261e-02;2.687296416938098065e-02;-4.474949588956028679e-03;5.031409958120058867e-02
-1.859004187994414692e-02;-1.620908949899176332e-01;-3.137118039398187341e-03;-5.971769815418526139e-04;-2.784240732123521855e-03;1.890414146114464955e-02;-3.241042345276873293e-02;-5.499457111834959999e-02
-1.636032263068103176e-02;-1.538932836978438301e-01;-3.191406855902009787e-03;-2.229719249263253933e-03;-1.508453544284180103e-03;3.137118039398117952e-03;-2.889716147045130745e-02;-5.275709632387148851e-02
6.224988366682167318e-02;-1.516247867225062884e-01;-2.900573910346093687e-03;-6.665891112145327924e-03;-3.129362494183274279e-03;-2.446447960291611157e-01;5.515355979525385366e-02;3.586164107336753393e-02
4.861757406545685889e-02;2.123080502559243632e-03;1.960214053047887317e-03;-8.474872033504110558e-03;-6.108461299829373581e-02;-1.620036451062511484e-01;-1.971789204281059193e-01;1.203408562121919267e-01
-4.993213897937023860e-02;-2.874806111369628825e-01;-1.241856677524430519e-02;7.109896075693900031e-03;5.152590352101753257e-02;3.722080037226610516e-02;-7.761943539630836164e-02;7.589382658600918319e-02
-1.091592988987133417e-02;-1.193462075383898424e-01;-1.958275166744294360e-03;-5.723592368543584108e-03;-7.848611757406545597e-03;-6.447960291608513528e-02;-4.885993485340550668e-04;-4.493950674732422046e-02
-1.264910035675507194e-01;-2.538642004032881649e-01;1.421397549247699343e-02;-7.741973010702757341e-03;-1.049906933457436797e-02;1.363618737397218061e-02;5.876958275166752066e-02;5.627617496510017858e-02
-1.514270203195294817e-02;3.588064215914378297e-01;-1.159454009616922576e-03;-2.214208158833552709e-03;-7.115712734605261769e-03;1.453893283697848537e-01;4.328369784395824649e-02;2.224523033969286745e-01
-4.779354738637997535e-03;4.063537304172480380e-01;-6.206375058166457848e-03;-1.312626027609398172e-03;-2.811385140375488589e-04;1.728109973631149487e-01;-4.871064060803512175e-02;2.264250814332244843e-01
2.404025127966494257e-02;-1.569741740344343661e-01;-2.541879944160108096e-03;-2.743524119745793799e-03;-9.486970684039114365e-03;-8.199744067007924686e-02;-4.963742826120667861e-02;2.364084070110133995e-02
2.983946021405303739e-02;6.398945245850777841e-01;1.431285869396642374e-02;5.816658911124150677e-04;-8.220877927718250877e-03;5.069412129672767886e-02;-4.492787342950249618e-02;6.212579494338432706e-02
-6.358577633007593544e-02;8.957848611757393553e-02;-6.838451993175148624e-03;-5.217543043276012815e-03;2.269078641228483573e-02;3.781797735380804104e-02;-2.134500542888164709e-01;-1.166957499612222837e-01
-1.598223980145810352e-02;-2.993078175895762527e-01;-4.046455715836921874e-03;-7.579106561191428781e-03;-2.619241507677999570e-02;2.208585388552802842e-02;3.245114006514671079e-02;4.287071506126893805e-02
-1.356832635334265236e-02;-1.329649449356289370e-01;-9.105010082208764288e-03;-5.944625407166212461e-03;-3.966961377384808918e-03;-5.525825965565386855e-02;1.464634713820393841e-02;-4.953854505971772015e-02
-3.621064060803472207e-02;-1.873700946176514726e-01;1.651931130758454991e-03;1.024507522878855686e-02;2.240577012563978176e-02;2.444160074453225612e-02;5.029083294555609929e-02;-1.411548006824879797e-01
-1.073755234993026275e-02;-2.035287730727466382e-01;-1.578253451217648262e-03;-8.569877462386993328e-04;-2.380952380952455760e-03;1.944702962618263808e-02;-2.202574841011317730e-02;-3.403908794788279568e-02
-6.852024197301118114e-03;-1.823096013649756486e-01;-3.276717853265193048e-03;-4.083294555607408505e-03;-1.061346362649299990e-02;-1.403753683884054193e-03;1.237009461765262164e-03;-4.839847991313783737e-02
-6.078408562121828673e-03;6.538952225841470067e-01;-6.760896541026739648e-03;-8.191794633162385875e-03;-2.243291453389029133e-03;-3.495618116953613796e-02;-4.006708546610848742e-02;1.887021095082985767e-01
-2.924616100511866212e-02;-5.393981696913279639e-03;-6.351791530944625799e-03;-1.715914378780827171e-02;-7.317356910190838185e-03;7.281681402202583309e-02;6.281991624011076109e-04;-2.636769039863502972e-01
-9.260120986505415708e-03;-1.777842407321230389e-01;-2.466263378315597388e-03;-4.273305413370676042e-03;-5.421126105165291476e-03;-5.465332712889739430e-02;-3.343027764851858041e-02;3.158833565999696891e-02
-1.384364820846920030e-02;-2.144602140530475487e-01;-3.935939196525697903e-03;-3.447339847991462425e-03;-1.454164727780371535e-02;8.911121451838019403e-03;1.163331782224358291e-03;-1.554599038312379222e-02
5.230921358771514762e-02;-2.423859934853418441e-01;-1.801225376143994472e-03;1.076663564448565591e-02;-3.272646192027306444e-02;3.952031952846288276e-02;-1.429327594229874154e-01;6.154994571118360680e-02
-1.395998138669153621e-02;-1.659647898247243736e-01;-2.927718318597907765e-03;-4.079416782999917279e-03;-9.748720335039637308e-03;8.655188459748608398e-03;-1.688769970528922193e-02;-5.078718783930505354e-02
2.276620908949893440e-01;1.649119745618117250e-01;-1.284899953466717148e-02;4.736699239956621010e-03;5.608616410733696656e-02;1.606386691484415485e-01;-4.564332247557029154e-02;1.887563983248022881e-01
2.770668527997499631e-02;6.239374903055685539e-01;2.683418644330859415e-03;7.305723592368695840e-03;-8.286800062044297199e-03;4.582751667442258592e-02;-4.781293624942117848e-03;4.990693345742169829e-02
-5.355203970839148009e-03;-1.188653637350704367e-01;-9.077865673956950210e-03;-4.195749961222405844e-03;-4.060027919962780341e-03;-5.797270048084395000e-02;-2.363890181479742780e-02;-3.253451217620589864e-02
-1.252714440825200559e-02;-1.169439274080965180e-01;-1.646114471847454075e-03;-5.865131068714252160e-03;-1.082868000620441917e-02;-5.611718628819621635e-02;-2.523072747014101780e-02;-2.654141461144712832e-02
-1.782030401737250136e-02;-1.751764386536370510e-01;-7.173879323726928270e-05;5.060493252674325149e-04;-5.969830929114364193e-03;3.319567240577014910e-02;-3.629789049170155379e-02;-5.406584457887386730e-02
-1.118349619978292742e-02;-2.676593764541642106e-01;-3.381417713665374469e-03;-7.953311617806879674e-03;-1.611214518380657545e-02;9.054599038312238779e-03;1.363424848766872644e-02;2.790057391034594936e-02
-1.926671319993783493e-02;5.956898557468583988e-01;6.338219326818939070e-03;2.847642314254728024e-02;-1.024701411509221227e-02;1.414514502869557155e-01;4.365790290057341982e-02;-4.180044982162278711e-02
-1.018109198076633248e-02;3.839673491546453654e-01;-9.277570963238612745e-03;-1.066387467037466230e-04;6.024119745618172761e-03;1.958255777881189874e-01;1.836319218241011519e-02;1.596847370870170257e-01
-1.442143632697368005e-02;6.639716147045131578e-01;2.528307740034374529e-03;1.050100822087840502e-02;1.447184737087009454e-02;5.075228788583863171e-02;-2.163409337676469590e-02;3.813013804870457601e-02
-1.645920583216997635e-02;6.277551574375681565e-01;1.295369939506774148e-02;-3.216612377849981108e-03;9.636264929425153447e-04;6.706026058631936460e-02;4.328175895765440373e-02;1.196098960756886154e-02
-1.635818985574685469e-01;-2.829242283232509259e-01;1.996471226927240550e-02;-3.724600589421506180e-03;-4.518574530789543076e-02;6.625368388397699648e-02;6.722700480843815662e-02;8.627074608344975637e-02
1.126395998138667309e-01;2.375542888165037558e-01;-3.212734605242628660e-03;1.819644796029196154e-02;4.235497130448262482e-02;1.468299208934390476e-01;8.060919807662442205e-02;1.093279820071350050e-01
-1.661043896385899776e-02;6.347196370404833976e-01;1.882658600899700385e-03;1.384170932216571837e-02;-3.232123468279612943e-03;4.946292849387362578e-02;1.352373196835704450e-02;5.071157127346015425e-02
-9.129246161005105664e-02;-2.531390569257015444e-01;1.273848301535540628e-03;-3.460912052117376403e-03;-5.260198541957694651e-03;2.235729796804698799e-02;4.742322010237326468e-02;2.639793702497289507e-02
2.441251744997677275e-02;-1.406720179928648284e-01;-1.979602916085065889e-03;-7.470528928183811646e-03;-1.837870327284010785e-02;-1.019214363269739521e-01;-3.335853885528136664e-02;2.366798510935330668e-02
-9.505002326663559986e-02;-2.698348068869238503e-02;7.895338917325875339e-02;6.326586008996368249e-03;1.370986505351327531e-02;1.118369008841323259e-01;-1.552020319528463477e-01;-1.892915309446254191e-01
-8.862649294245406040e-03;-1.254440049635487386e-01;-7.645028695517391837e-03;-5.744920117884438904e-03;-1.103032418179003549e-02;-5.491895455250511704e-02;-1.482278579184101441e-02;-2.723165813556688297e-02
-1.582519001085772037e-02;1.098960756941202987e-02;-6.440980300915249979e-03;-4.870482394912528656e-03;-3.203040173724081008e-03;-3.183806421591443003e-01;2.793159609120557385e-02;5.409880564603730679e-02
-5.544827051341710833e-02;-2.572242903676126291e-01;-5.432759422987487596e-03;-1.814797580269950084e-03;-2.864122847836214625e-02;3.276330076004330127e-02;1.756243213897942801e-02;4.253528773072756675e-02
3.153792461610047115e-02;-2.644524585078329437e-01;-3.214673491546554684e-03;-1.519699084845682613e-02;-2.566697688847530134e-02;4.137583372110981150e-03;-1.565456801613146487e-02;3.280983403133258536e-02
-1.801225376144022228e-03;-1.518400031022176522e-01;6.175352877307055399e-03;-4.631999379556592245e-03;-2.592290988056494827e-03;-5.479486582906790970e-02;-2.319101907864108691e-02;-2.302427485652230876e-02
-1.897975802698903536e-02;5.712676438653629951e-01;-2.824957344501222156e-03;1.102256863657530284e-02;-3.999922444547721057e-03;1.500019388863043091e-01;7.291957499612206073e-02;-3.510741430122565898e-02
2.172715991934232038e-02;-1.063324026679073331e-01;-3.997983558244100344e-03;5.240034124398967874e-02;1.802349930200093375e-01;1.333682332867999754e-01;2.399371800837595547e-01;2.269621529393515136e-01
-9.711881495269178433e-03;-2.261187373972388115e-01;-1.754692104854974066e-03;1.913680781758825278e-03;-1.983480688692473848e-03;2.288467504265545571e-02;-1.417325888009884904e-03;-3.951256398324798358e-02
5.971963704048396937e-02;-1.380273770746082429e-01;-1.618970063595487341e-03;-6.128819606018465205e-03;-5.927175430432668479e-03;-2.692550798821161107e-01;5.614820846905564655e-02;4.938925081433231945e-02
-2.211105940747637444e-02;5.149294245385452884e-01;6.607724523033986497e-03;7.422056770591267671e-03;2.001706219947269050e-02;8.444237629905404496e-02;5.814720024817715549e-02;7.484488909570308213e-02
-8.496199782844798820e-03;-1.127423607879632639e-01;-4.075539010392509320e-03;-5.750736776795509209e-03;-1.997052892818387826e-03;-5.503722661703128183e-02;-2.168062664805323059e-02;-4.592058321700004386e-02
1.040910501008217581e-01;2.056925701876841650e-01;6.111369629285046123e-03;1.973398479913179848e-02;5.239258569877475180e-02;1.059601364975958360e-01;7.371257949433823731e-02;1.766053978594693818e-01
9.726229253916518491e-02;1.659182565534358944e-01;-3.307740034124373452e-03;2.497673336435562996e-02;5.859314409803012547e-02;1.960718163486896981e-01;3.857995967116467639e-02;1.662052117263841389e-01
-1.774468745152782412e-02;-6.210252830774001809e-02;-2.532185512641518810e-03;-5.374592833876271070e-03;-1.240887234372489711e-04;-8.973165813556703563e-02;1.239336125329620897e-02;-9.048394602140530374e-02
-1.593182875756161965e-02;-2.339654102683420833e-02;-5.174887544594400368e-03;-8.920815883356705833e-03;7.094384985264517995e-03;-9.973825034899969078e-02;-2.673142546921034035e-02;-8.290096168760657802e-02
-8.218939041414671798e-03;-1.572921513882423183e-01;-3.003334884442487862e-03;-2.879246161005294402e-03;-9.673103769194987822e-03;-1.842911431673653622e-02;-1.375252055219475245e-02;-4.245191561966796256e-02
-3.453156506902532730e-03;5.439913913448114480e-01;-1.440592523654471435e-03;-3.274778966961211513e-03;-1.463859159298752655e-03;8.229990693345762276e-02;-4.098611757406567246e-02;1.686268807197146558e-01
-7.615945400961665612e-03;-1.188769970528927022e-01;4.304327594229773180e-03;-3.431828757561761201e-03;-1.427020319528446435e-03;-6.579804560260600621e-02;-2.289824724678130030e-02;-3.995656894679694426e-02
-3.717232821467350568e-02;-1.726733364355512723e-01;-3.641228478362068532e-03;4.614549402822687441e-04;-1.734139910035679966e-02;2.756320769350080468e-02;2.993252675663102269e-02;-8.282922289436947527e-02
-6.340158213122615294e-03;6.772762525205523465e-01;-2.900573910345816131e-03;-2.117263843647854138e-03;-1.779897626803028654e-03;6.509616876066404156e-02;-4.321777570963275528e-02;5.828292228943665609e-02
6.251163331782211285e-02;3.707557778811849114e-01;-7.726461920272875705e-03;4.073600124088860852e-03;-9.289204281060836621e-03;1.279102683418648079e-01;4.891810144252828341e-03;1.911722506592211657e-01
-1.981929579649452378e-02;-1.856561191251743237e-01;-3.113851403753711833e-03;-7.321234682798272164e-03;-3.610206297502818740e-03;2.071506126880715004e-02;-6.200558399255373665e-03;-5.069412129672715150e-02
8.996432449202285131e-04;-3.646269582751662797e-02;7.685745307895036627e-03;-1.044671940437422175e-02;1.708546610826744416e-02;-3.327206452613623022e-01;2.007910656119149539e-02;7.817977353807992191e-02
5.271831859779733953e-02;-2.259694431518533553e-01;-1.032650845354424196e-02;-2.321622460058953008e-02;3.127423607879631362e-02;-1.803590817434468641e-01;4.284550953932078632e-02;5.733286800062054045e-02
-1.410927563207699242e-02;-1.848941368078174108e-01;-2.646579804560317273e-03;-2.545757716767613199e-03;-9.519931751202914683e-04;1.994144563362802713e-02;-1.832053668372880806e-02;-5.217349154645567477e-02
-1.702148286024529611e-02;3.269796029160849105e-01;-1.290716612377817984e-02;9.837715216379733230e-02;8.970257484101118450e-02;3.052175430432765291e-01;9.560066697688807125e-02;-1.416492166899335770e-01
-9.636264929424612213e-03;-1.211997828447338860e-01;-6.382813711804061207e-03;-5.661548006825015134e-03;-2.221963704048340871e-03;-5.855824414456348159e-02;-1.554211261051634263e-02;-3.649759578098327184e-02
6.766713199938267920e-04;2.664165503334882112e-01;5.104893749030570138e-02;-1.537536838839448361e-03;3.709089498991735567e-03;3.077225841476659562e-01;-4.829184116643447933e-02;1.645552194819295266e-01
-1.495656894679700533e-02;-1.490111679851091608e-01;-9.190321079572405516e-04;-4.727004808438128869e-03;-1.737242128121624374e-03;-6.237785016286656603e-02;6.553435706530288951e-03;-2.852489530013957442e-02
-2.383860710407920136e-02;6.794730107026516475e-01;-3.585000775554458841e-03;2.504071661237838864e-02;-1.180781758957583083e-03;7.259771986970731117e-02;2.006941212967239263e-02;-2.427679540871741093e-02
9.440243524119723562e-02;2.549499767333643918e-01;-7.412362339072331441e-03;2.784434620753850620e-02;3.439390414146126229e-02;1.416879944160076565e-01;6.017333643555122791e-02;1.382600434310530257e-01
-1.000659221343280780e-02;-2.016189700635950544e-01;8.337211105932662569e-05;-5.333876221498584647e-03;-4.174422211881551048e-03;-4.244416007445336869e-02;-5.244687451527757505e-03;1.303901039243071658e-02
1.900884132154484485e-02;-1.874864277958736558e-01;-3.536528617961998133e-03;-5.971769815418193073e-03;-6.332402667907605087e-03;-6.973786257173900105e-02;-2.622537614394279681e-02;2.458120055839940754e-02
-1.351597642314268655e-02;-1.769640918256550066e-01;-1.114859624631675539e-03;-4.833643555142028148e-03;-1.034395843027771655e-02;1.841748099891417356e-02;-1.929773538079723738e-02;-4.804754149216686199e-02
-3.055684814642467551e-03;-1.518109198076622035e-01;-4.920893438808832121e-03;-4.502093997208106435e-03;-3.870017062199540558e-03;-5.668140220257503192e-02;-2.002869551729477560e-02;-1.083061889250808152e-02
-1.445245850783308250e-02;-2.647588025438185610e-01;1.599193423297654015e-02;9.733209244608964639e-04;-1.568559019699095058e-02;3.351171087327430020e-02;-3.282922289436954189e-02;2.154878237940138774e-02
-1.962540716612376501e-02;-1.834031332402665249e-01;-2.097874980611258433e-03;-5.572359236854507181e-03;-5.145804250038771288e-03;-8.434543198386873497e-02;7.581045447495021739e-03;3.690863967736945916e-02
-1.474329145338920677e-02;-1.937141306033811072e-01;-5.789514502869602675e-03;1.997052892818290681e-03;-5.731347913758427781e-03;-7.432138979370264686e-02;1.886148596246324527e-02;1.774080967892044391e-02
-3.245501783775400773e-02;-1.625814332247556837e-01;-4.205444392740786963e-03;-1.103226306809423907e-03;1.749457111834958056e-02;6.183108422522037850e-03;1.863269737862646713e-03;-8.089615324957338816e-02
-1.562548472157597457e-02;-1.919594384985262026e-01;5.070187684194094047e-03;-3.577245230339809456e-03;-4.073600124088805341e-03;2.098844423762986910e-02;-4.369280285404060493e-02;-2.283038622615157776e-02
4.548821157127380665e-02;5.339712269272524070e-01;-6.524352411974354560e-03;-4.333410888785249604e-03;-1.200170621994678388e-03;1.084322165348226563e-01;1.047968047153691185e-02;5.798627268496958642e-02
-1.665697223514817082e-02;-1.829901504575769111e-01;-2.774546300604974203e-03;1.219559485031718182e-03;-1.374088723437265347e-02;1.347719869706834328e-02;3.127423607879667444e-03;-5.736195129517607239e-02
-1.193578408562123716e-02;-2.084923220102369024e-01;-3.265084535442969171e-03;-4.164727780363086662e-03;-1.547231270358317978e-02;-2.878858383744392624e-02;2.086241662788979045e-03;1.433224755700329700e-02
-5.779238405459900807e-02;-1.366720955483169408e-02;2.101171087327437931e-02;2.499030556848140516e-02;2.404412905227243033e-02;4.799713044827058628e-02;-8.636381262602767228e-02;-2.159201954397394485e-01
-3.272258414766562873e-02;-1.678009151543351507e-01;-3.394989917791274570e-03;-8.207305723592461799e-03;-1.397355359081753345e-02;2.345858538855276343e-02;2.488560570808134170e-02;-7.794516829533110203e-02
-1.420815883356602027e-02;6.329145338917325780e-01;3.838994881341095677e-04;-4.036761284317791354e-03;1.314177136652716626e-02;5.642934698309309827e-02;6.979990693345372588e-03;5.269505196215262810e-02
5.051574375678596907e-02;3.127656274236080280e-01;2.047463936714899457e-03;1.606561191251765219e-02;3.051807042035004081e-03;2.720955483170470202e-01;1.211028385295437326e-02;7.564758802543802840e-02
-8.783736621684515300e-02;-2.028210795718935755e-01;-1.353148751357231838e-02;-2.656274236079864126e-04;2.408678455095389359e-02;2.241546455715828778e-02;4.535636730262144339e-02;-4.310338141771358211e-02
-9.223282146734984588e-03;-1.815708856832632945e-01;-1.967969598262897524e-03;-3.968900263688623919e-03;-4.628121606948976119e-03;-4.316154800682503456e-02;-2.456375058166579417e-02;1.338413215449058002e-02
-1.012680316426253779e-02;-1.765918256553431764e-01;-3.410501008221045183e-03;-6.446796959826431306e-03;-9.587792771831873950e-03;9.056537924616053781e-03;-2.497867225065915353e-02;-3.361447184737087479e-02
-1.180006204436175044e-02;-1.278462850938419382e-01;-8.480688692415139229e-03;-5.188459748720439246e-03;-8.154955793392273944e-03;-5.157049790600293226e-02;5.611136962928600647e-03;-4.827051341709315269e-02
-1.122421281216083588e-02;-2.313925081433220454e-01;-5.108965410268409557e-03;-2.293702497285693420e-03;-1.560803474484367959e-03;3.720528928183641781e-02;-2.569218241042342532e-02;-1.563324026679063783e-02
-9.843725763921229444e-03;-1.154277183185976885e-01;4.356677524429947157e-03;-2.867612843182973381e-03;-1.223437257639209408e-03;-6.618000620443630078e-02;-2.516868310842237944e-02;-3.934581976112919155e-02
4.847991313789344614e-02;-1.986699239956566110e-01;1.393671475104694968e-02;-3.676128431828906695e-03;-9.822398014580485670e-03;-1.015588645881815300e-02;-1.261361873739723638e-01;3.034357065301707124e-02
-3.844811540251280579e-02;-1.955211726384364079e-01;6.545680161315334256e-03;5.390103924305805760e-03;2.156429346983090162e-02;5.403676128431826597e-02;1.239723902590354754e-02;-1.216651155576236598e-01
-3.216224600589417948e-02;3.441717077710562123e-01;-1.369241507677965153e-02;1.916007445323425484e-02;5.587094772762535300e-02;2.102179308205369135e-01;1.429967426710094802e-01;1.773693190631264738e-02
4.483868465953154414e-02;-2.681169536218394045e-01;8.957654723125707541e-04;-1.141616255622784903e-02;-3.054133705599509918e-02;7.639212036605613765e-04;-3.445400961687597463e-02;4.232976578253455635e-02
-1.358771521637981705e-02;-1.993601675197763101e-01;-2.943229409027525723e-03;-4.765782534512291724e-03;-1.116410733674585987e-02;2.087404994571114003e-02;9.186443306964553468e-03;-5.393981696913291435e-02
-2.249689778191377165e-02;6.636361873739723416e-01;-1.110400186133064793e-02;6.068714130605390444e-04;5.527764851869176876e-03;1.647917636109822448e-01;3.007018768419367216e-02;-8.673220102373269125e-02
1.900302466263364964e-02;-3.063963859159294367e-01;-2.863735070575579300e-03;-4.949976733364530590e-03;-7.920350550643828758e-03;1.770009306654246606e-02;-5.004265549868103236e-03;3.473127035830636533e-02
-1.294982162245988944e-02;6.192977353807969099e-01;1.919497440672213173e-04;8.769582751667726050e-03;-1.426826430898076037e-02;5.106057080812798077e-02;9.091437878082475610e-03;8.310648363579942188e-02
-1.088102993640464866e-02;-1.969094152318903723e-01;-8.143322475570868857e-04;-3.362028850628293042e-03;-9.527687296417022833e-03;1.924926322320452687e-02;4.692104854971401728e-04;-5.392430587870328251e-02
1.170951605397859141e-01;1.757988211571287485e-02;5.415309446254040759e-03;-1.331045447494938472e-02;3.683883977026458645e-05;2.522665580890339210e-01;1.511303707150609132e-01;2.140860089964323754e-01
-2.753218551264163816e-02;3.597913758337208945e-01;-1.272297192492610751e-02;7.937800527377303350e-03;1.843880874825487570e-02;1.701838064215918100e-01;1.127811385140374267e-01;1.154219016596863545e-01
-1.332984333798631349e-02;5.454959671164879564e-01;4.453621839615562461e-03;-3.142934698309174379e-03;1.855514192647789162e-03;1.071060183030871360e-01;5.399604467194013546e-02;4.786528617961793852e-02
-3.128393051031491678e-02;-1.814390414146112018e-01;3.742050566154786484e-04;6.035753063440257860e-03;1.813440359857294848e-02;2.336164107336741180e-02;-2.916666666666668795e-02;-6.171668993330231556e-02
-2.435435086086550072e-02;-2.503683883977049496e-02;-8.827749340778595633e-03;4.007677989762620241e-03;1.376609275632739715e-04;-1.255719714595938119e-01;1.402396463471393406e-02;-9.007871878393047815e-02
-2.105630525825941124e-02;6.324608344966645701e-01;2.272374747944949647e-03;1.096246316116067376e-02;1.498759112765629675e-02;3.951062509694452940e-02;3.477974251589865951e-02;3.038234837909070674e-02
-1.551690708856841294e-02;-2.413738948348065905e-01;-3.034357065301751533e-03;-3.701333953777113939e-03;-1.618388397704367820e-02;2.017023421746544365e-02;4.249457111834969991e-02;-3.855475414921660793e-02
2.249689778191401868e-01;-7.888552815262872553e-02;-1.337831549557993993e-03;-1.330076004342928275e-03;-1.453389173258889944e-02;1.456103614084073850e-01;2.630719714595932679e-01;2.067356910190786268e-01
-1.043702497285563247e-02;-1.229699860400185335e-01;-7.885450597176948961e-03;-6.155964014270293161e-03;-2.220024817744650769e-03;-5.587676438653652045e-02;5.215604156973696615e-04;-5.067667131999381569e-02
-9.661276562742338037e-02;4.499205056615474541e-01;4.323716457267211960e-04;-7.781332402667895387e-02;-7.784628509383991618e-03;-2.688789359391967615e-01;-3.768225531254826288e-02;-2.172812936249418625e-01
1.707964944935630447e-02;-1.195420350550642774e-01;6.435163642004027018e-03;-5.605320304017571975e-03;-4.391577477896660420e-03;-7.905421126105180440e-02;-2.138009927097861418e-02;-4.924189545525042844e-02
5.272801302931606759e-02;5.392992864898398242e-01;1.792112610516549687e-02;1.921630215604180902e-02;3.150496354893750350e-02;5.802117263843681316e-02;-5.313517915309468043e-02;7.874398945245830728e-02
-3.987319683573747886e-02;-1.796164882891265469e-01;-4.100744532340702686e-03;-3.379478827361684368e-03;1.583100666976883231e-02;2.290406390569253714e-02;7.757484101132305909e-03;-7.522297192492632956e-02
-3.438227082363892739e-02;-1.623565224135256058e-01;-4.193811074918618598e-03;1.153637350705699616e-03;-2.863735070575523789e-03;2.502132774934072434e-02;6.710485497130533328e-03;-8.478943694741730708e-02
-1.427408096789184455e-02;6.210214053047923288e-01;-6.126880719709570933e-04;6.499146890026896717e-03;2.481774468745090445e-03;1.845703427950987630e-01;1.864045292384014507e-02;-7.402667907553939219e-02
-1.679463316271134765e-02;-2.215410268341860556e-01;-3.342639987591156103e-03;-2.803629595160658794e-03;-3.939816969133064228e-03;1.050876376609258256e-02;1.841941988521833551e-03;-1.962928493873117297e-02
-1.144912362339073342e-02;-1.257891267256087686e-01;-7.094384985264573507e-03;-4.694043741275105708e-03;-1.126492942453857782e-03;-6.279858849077099570e-02;4.248099891422524310e-03;-4.699666511555750104e-02
2.998293780052727064e-02;-2.095587094772759784e-01;2.026523964634702191e-02;-7.922289436947560493e-03;-8.248022335970273122e-03;2.609740964789825091e-02;-8.093686986195126887e-02;-2.538002171552650177e-02
-1.319993795563832728e-02;-1.030479292694276017e-01;-6.142391810144323672e-03;-3.928183651310784841e-03;-2.059097254536929045e-03;-5.894989917791229606e-02;-2.201799286489822260e-02;-4.635489374903054016e-02
-2.318908019233760498e-02;-2.090662323561344738e-01;-3.796339382658636685e-03;5.987280905847588985e-03;-1.668217775709647521e-02;2.525205521948191423e-02;1.649992244454794033e-02;-5.070575461454929211e-02
2.796261827206454609e-02;-1.672017992864896496e-01;-2.900573910345996542e-03;1.411509229098689699e-03;-1.144718473708705719e-02;-5.430820536683743371e-02;-3.012641538700161492e-02;-1.909027454630052301e-02
-1.556925701876846202e-02;-1.424344656429344380e-01;-9.345431983868598969e-03;-7.294090274546444208e-03;-1.059407476345586296e-02;-6.503024662633798136e-02;2.844733984799145687e-02;-3.388009927097873630e-02
-1.548394602140526488e-02;2.826120676283536137e-02;-6.917946331627150558e-03;-3.249573445013212436e-03;1.644175585543763973e-03;-1.327943229409029313e-01;-3.868078175895751925e-02;-8.847913758337205836e-02
6.289747169225987089e-02;-2.429657204901503054e-01;-2.365441290522768414e-03;1.889250814332227302e-02;5.146967581821017268e-02;1.744997673336437516e-02;-2.005545214828602374e-01;3.947572514347758021e-02
2.421668993330224062e-02;-1.439312858693963526e-01;7.949433845199180282e-03;-6.824879789049248524e-03;-7.561656584457870922e-03;-8.946796959826294748e-02;-2.771056305258240426e-02;-1.237009461765162244e-02
7.277415852334412349e-02;3.290290057391035417e-01;1.872964169381319266e-03;-2.171552660150122271e-04;4.369861951295184177e-02;8.542733054133716530e-02;9.131766713199918062e-02;1.203970839149988148e-01
5.501783775399399223e-02;2.233790910501009530e-01;3.985962463161163427e-02;-4.327594229874165421e-03;3.524895300139496701e-03;3.019427640763150400e-01;4.384985264464053012e-02;8.105320304017349375e-02
-7.732278579183848866e-03;6.957111834961990926e-01;2.971149371800840822e-02;1.287420505661829306e-03;-1.399875911276271534e-03;-6.798898712579493075e-02;2.651233131689156863e-02;6.819838684659518258e-02
7.960873274391200294e-02;6.642721420815880240e-01;-6.609663409337551698e-03;-7.722584147665523258e-03;6.786102063005561291e-05;-1.129343105320302909e-01;4.047037381727930372e-02;8.714712269272484324e-02
1.043120831394445669e-01;2.362765627423609738e-01;-3.928183651310590552e-03;1.931130758492344279e-02;3.414378780828292159e-02;1.693888630370717352e-01;7.344501318442653304e-02;1.113502404219013364e-01
-2.374166278889405790e-02;-1.094016596866759505e-01;-7.959128276717825079e-03;-8.695905072126641766e-03;7.963006049325260793e-03;-7.254343105320321117e-02;1.928997983558258800e-02;-6.061152474018918768e-02
4.152125019388869243e-02;-3.284279509849549750e-02;-2.247169225996548114e-03;2.685357530634258083e-03;8.742438343415787072e-03;-2.985981852024203187e-01;-4.186249418334073158e-02;6.690127190941530522e-02
-2.635915929889837139e-02;6.851655808903358569e-01;7.858306188925356928e-03;2.894175585543712348e-02;-6.916007445323335556e-03;7.538971614704548241e-02;5.498875445943823825e-02;-7.476927252985932082e-02
-1.268807197145960242e-02;-1.787110283852952619e-01;-1.900108577633091711e-03;-2.908329455560854093e-03;-2.516674422211928608e-03;-3.670699550178396775e-02;-3.162711338607099298e-02;1.135799596711667414e-02
2.601209865053508152e-02;-1.342756320769347700e-01;1.361098185202330724e-03;-5.324181789979981483e-03;-5.952380952380931234e-03;-5.870947727625272505e-02;-2.344501318442678006e-02;-5.536683728866126364e-02
3.768419419885221666e-02;5.349503645106249428e-01;2.385217930820560106e-02;-6.976112920738131162e-03;-6.378935939196639371e-03;1.164960446719406906e-01;-3.593919652551602617e-02;8.061113696292820929e-02
8.475065922134317198e-02;2.772122692725297322e-01;-6.276174965099745595e-03;2.850162866451788624e-04;6.400263688537355389e-03;1.689099581200562694e-01;5.511284318287557049e-02;1.579048394602134975e-01
-1.010353652861797902e-02;-1.113056460369162004e-01;-5.605320304017447075e-03;-6.334341554211392333e-03;-3.775011633317781889e-03;-6.266286644951155060e-02;-1.469481929579637136e-02;-4.121878393051031653e-02
-1.364006514657983837e-02;-1.045195439739412258e-01;-4.383821932681886135e-03;-6.784163176671464957e-03;-3.158445788738944993e-03;-5.992903676128441548e-02;-1.509422987436005725e-02;-4.819101907864120626e-02
-9.715759267876558636e-03;-1.167810609585852449e-01;-7.183573755235025948e-03;-4.787110283853049375e-03;-2.092058321700007717e-03;-6.061928028540415625e-02;-2.186869861951283578e-02;-3.265278424073214669e-02
-1.748875445943851026e-02;-5.528152629129834406e-02;-4.447805180704200723e-03;-2.683418644330831659e-03;-1.644175585543666829e-03;-1.007367767954088222e-01;-5.611524740189224869e-02;-1.730262137428240088e-02
-7.814875135722038069e-02;7.755545214828060696e-06;-1.259112765627417793e-02;1.167985109353191636e-02;1.561191251744994610e-02;5.659609120521175152e-02;2.072281681402197984e-02;-2.695788738948348695e-01
-1.178067318132472452e-02;-1.965953156506898836e-01;-3.001395998138881027e-03;-3.424073212346931405e-03;-4.420660772452844611e-04;1.966030711959045052e-02;-2.031565069024347803e-02;-3.980145804250023733e-02
3.622227392585689043e-02;-3.338878548161931525e-01;-5.234993020009376385e-03;-3.486117574065555891e-03;-1.292073832790463506e-02;3.531487513572198478e-02;-4.707615945400894786e-03;3.299984488909579738e-02
-9.901892353032487604e-03;-2.220858538855278452e-01;-2.340235768574672193e-03;-6.846207538390075564e-03;-4.822010237319762638e-03;-5.843997208003737232e-02;3.383550488599365580e-02;1.490034124398953441e-02
-1.108267411199001518e-02;-1.119551729486581576e-01;-2.315030246626409438e-03;-5.878703272840193894e-03;-1.938886303707115788e-03;-6.404917015666215796e-02;-1.590662323561334301e-02;-4.257406545680167409e-02
-2.748565224135265939e-02;-2.192647743136340588e-01;-5.161315340468597412e-03;-1.706219947263110104e-04;-1.072204125950057541e-02;2.655498681557311169e-02;-4.093376764386533195e-02;2.148286024507539693e-02
5.025593299208935827e-02;5.957189390414144858e-01;4.885993485341966203e-03;-4.118194509073747067e-03;-5.956258724988117148e-03;4.343880874825517546e-02;-3.197611292073876399e-02;9.205056615480067261e-02
-1.826237009461770255e-02;-2.128489995346670161e-01;-2.724135256708656860e-03;-4.201566620133531660e-03;-1.364782069179475144e-02;1.450480843803311770e-02;3.599542422832331667e-02;-5.451566620133380114e-02
3.719559485031792567e-02;-3.219986040018609774e-01;-2.272374747944977402e-03;-1.623235613463641647e-02;-2.074608344966666351e-02;3.393438808748255875e-02;-7.495734450131769089e-03;4.191484411354129413e-02
-2.727819140685583399e-02;4.517411199007280442e-02;-2.258802543818910769e-03;8.234450131844095466e-03;1.309329920893455290e-02;-2.848204591282771370e-01;2.027105630525860569e-02;-2.811579029005720209e-02
5.380603381417699282e-02;-3.685454474949586556e-01;-2.394524585078466883e-03;9.696370404839310675e-03;-7.156235458352747103e-02;4.147471692259965814e-02;3.902008686210656219e-02;4.280479292694305826e-02
